Prediction Argentina,[[7.31819344e-05]
 [8.24363845e-05]
 [9.28502977e-05]
 [1.04566034e-04]
 [1.17742654e-04]
 [1.32557672e-04]
 [1.49208931e-04]
 [1.67916606e-04]
 [1.88925298e-04]
 [2.12506230e-04]
 [2.38959479e-04]
 [2.68616228e-04]
 [3.01840950e-04]
 [3.39033470e-04]
 [3.80630783e-04]
 [4.27108506e-04]
 [4.78981806e-04]
 [5.36805605e-04]
 [6.01173840e-04]
 [6.72717510e-04]
 [7.52101212e-04]
 [8.40017847e-04]
 [9.37181141e-04]
 [1.04431566e-03]
 [1.16214400e-03]
 [1.29137089e-03]
 [1.43266408e-03]
 [1.58663205e-03]
 [1.75379872e-03]
 [1.93457569e-03]
 [2.12923288e-03]
 [2.33786864e-03]
 [2.56038098e-03]
 [2.79644168e-03]
 [3.04547537e-03]
 [3.30664577e-03]
 [3.57885094e-03]
 [3.86072947e-03]
 [4.15067832e-03]
 [4.44688280e-03]
 [4.74735787e-03]
 [5.04999902e-03]
 [5.35264017e-03]
 [5.65311524e-03]
 [5.94931972e-03]
 [6.23926857e-03]
 [6.52114711e-03]
 [6.79335228e-03]
 [7.05452268e-03]
 [7.30355637e-03]
 [7.53961707e-03]
 [7.76212941e-03]
 [7.97076518e-03]
 [8.16542237e-03]
 [8.34619934e-03]
 [8.51336601e-03]
 [8.66733399e-03]
 [8.80862718e-03]
 [8.93785407e-03]
 [9.05568241e-03]
 [9.16281693e-03]
 [9.25998023e-03]]
Prediction Armenia,[[0.00154308]
 [0.00166964]
 [0.0018064 ]
 [0.00195413]
 [0.0021137 ]
 [0.00228598]
 [0.00247196]
 [0.00267267]
 [0.00288918]
 [0.00312269]
 [0.00337441]
 [0.00364567]
 [0.00393785]
 [0.00425243]
 [0.00459095]
 [0.00495504]
 [0.0053464 ]
 [0.00576681]
 [0.00621813]
 [0.00670229]
 [0.00722126]
 [0.00777711]
 [0.00837192]
 [0.00900783]
 [0.00968698]
 [0.01041154]
 [0.01118366]
 [0.01200543]
 [0.01287893]
 [0.01380612]
 [0.01478885]
 [0.01582883]
 [0.01692757]
 [0.01808636]
 [0.01930626]
 [0.020588  ]
 [0.02193196]
 [0.02333818]
 [0.02480626]
 [0.02633534]
 [0.02792411]
 [0.02957074]
 [0.03127289]
 [0.03302767]
 [0.03483169]
 [0.03668103]
 [0.03857127]
 [0.04049754]
 [0.04245452]
 [0.04443656]
 [0.04643766]
 [0.0484516 ]
 [0.05047201]
 [0.05249243]
 [0.05450637]
 [0.05650747]
 [0.0584895 ]
 [0.06044649]
 [0.06237275]
 [0.064263  ]
 [0.06611234]
 [0.06791636]
 [0.06967114]
 [0.07137328]]
Prediction Australia,[[7.97330061e-07]
 [9.36838342e-07]
 [1.10075534e-06]
 [1.29335132e-06]
 [1.51964345e-06]
 [1.78552646e-06]
 [2.09792600e-06]
 [2.46497890e-06]
 [2.89624478e-06]
 [3.40295471e-06]
 [3.99830316e-06]
 [4.69779085e-06]
 [5.51962744e-06]
 [6.48520418e-06]
 [7.61964890e-06]
 [8.95247740e-06]
 [1.05183578e-05]
 [1.23580077e-05]
 [1.45192460e-05]
 [1.70582267e-05]
 [2.00408858e-05]
 [2.35446353e-05]
 [2.76603488e-05]
 [3.24946849e-05]
 [3.81728057e-05]
 [4.48415535e-05]
 [5.26731616e-05]
 [6.18695822e-05]
 [7.26675290e-05]
 [8.53443420e-05]
 [1.00224798e-04]
 [1.17688998e-04]
 [1.38181488e-04]
 [1.62221756e-04]
 [1.90416289e-04]
 [2.23472335e-04]
 [2.62213556e-04]
 [3.07597678e-04]
 [3.60736257e-04]
 [4.22916576e-04]
 [4.95625583e-04]
 [5.80575638e-04]
 [6.79731579e-04]
 [7.95338331e-04]
 [9.29947821e-04]
 [1.08644346e-03]
 [1.26805972e-03]
 [1.47839347e-03]
 [1.72140292e-03]
 [2.00138864e-03]
 [2.32295062e-03]
 [2.69091382e-03]
 [3.11021510e-03]
 [3.58574414e-03]
 [4.12213331e-03]
 [4.72349461e-03]
 [5.39310762e-03]
 [6.13307016e-03]
 [6.94393326e-03]
 [7.82435213e-03]
 [8.77079428e-03]
 [9.77735097e-03]
 [1.08356965e-02]
 [1.19352300e-02]
 [1.30634131e-02]
 [1.42062940e-02]
 [1.53491741e-02]
 [1.64773549e-02]
 [1.75768845e-02]
 [1.86352251e-02]
 [1.96417758e-02]
 [2.05882112e-02]
 [2.14686227e-02]
 [2.22794783e-02]
 [2.30194332e-02]
 [2.36890388e-02]
 [2.42903930e-02]
 [2.48267754e-02]
 [2.53022982e-02]
 [2.57215937e-02]
 [2.60895517e-02]
 [2.64111090e-02]
 [2.66910905e-02]
 [2.69340962e-02]
 [2.71444267e-02]
 [2.73260401e-02]
 [2.74825332e-02]
 [2.76171405e-02]
 [2.77327454e-02]
 [2.78318997e-02]
 [2.79168484e-02]
 [2.79895561e-02]
 [2.80517354e-02]
 [2.81048731e-02]
 [2.81502565e-02]
 [2.81889970e-02]
 [2.82220525e-02]
 [2.82502466e-02]
 [2.82742864e-02]]
Prediction Austria,[[0.00032179]
 [0.000389  ]
 [0.00047021]
 [0.00056832]
 [0.00068682]
 [0.00082991]
 [0.00100262]
 [0.00121103]
 [0.00146238]
 [0.00176536]
 [0.00213033]
 [0.00256959]
 [0.00309777]
 [0.0037321 ]
 [0.00449285]
 [0.00540366]
 [0.0064919 ]
 [0.00778898]
 [0.0093305 ]
 [0.01115623]
 [0.01330977]
 [0.01583777]
 [0.01878867]
 [0.02221058]
 [0.02614852]
 [0.03064071]
 [0.03571413]
 [0.04137963]
 [0.04762707]
 [0.05442118]
 [0.06169911]
 [0.0693703 ]
 [0.07731948]
 [0.0854127 ]
 [0.09350591]
 [0.10145508]
 [0.10912625]
 [0.11640415]
 [0.12319823]
 [0.12944563]
 [0.1351111 ]
 [0.14018449]
 [0.14467665]
 [0.14861456]
 [0.15203644]
 [0.15498731]
 [0.15751529]
 [0.15966881]
 [0.16149452]
 [0.16303603]
 [0.1643331 ]
 [0.16542133]
 [0.16633212]
 [0.16709286]
 [0.16772719]
 [0.16825536]
 [0.16869462]
 [0.16905958]
 [0.16936256]
 [0.16961391]
 [0.16982231]
 [0.16999503]
 [0.17013811]
 [0.17025661]
 [0.17035472]
 [0.17043593]
 [0.17050314]
 [0.17055875]
 [0.17060477]]
Prediction Belarus,[[4.56529411e-05]
 [5.26017531e-05]
 [6.06079930e-05]
 [6.98324928e-05]
 [8.04605200e-05]
 [9.27054816e-05]
 [1.06813186e-04]
 [1.23066749e-04]
 [1.41792233e-04]
 [1.63365136e-04]
 [1.88217852e-04]
 [2.16848244e-04]
 [2.49829492e-04]
 [2.87821406e-04]
 [3.31583404e-04]
 [3.81989409e-04]
 [4.40044912e-04]
 [5.06906526e-04]
 [5.83904352e-04]
 [6.72567549e-04]
 [7.74653522e-04]
 [8.92181193e-04]
 [1.02746886e-03]
 [1.18317717e-03]
 [1.36235788e-03]
 [1.56850883e-03]
 [1.80563595e-03]
 [2.07832277e-03]
 [2.39180808e-03]
 [2.75207210e-03]
 [3.16593167e-03]
 [3.64114432e-03]
 [4.18652108e-03]
 [4.81204731e-03]
 [5.52900993e-03]
 [6.35012886e-03]
 [7.28968902e-03]
 [8.36366788e-03]
 [9.58985150e-03]
 [1.09879299e-02]
 [1.25795593e-02]
 [1.43883769e-02]
 [1.64399486e-02]
 [1.87616285e-02]
 [2.13823042e-02]
 [2.43320018e-02]
 [2.76413212e-02]
 [3.13406771e-02]
 [3.54593252e-02]
 [4.00241645e-02]
 [4.50583237e-02]
 [5.05795641e-02]
 [5.65985577e-02]
 [6.31171378e-02]
 [7.01266470e-02]
 [7.76065428e-02]
 [8.55234306e-02]
 [9.38306940e-02]
 [1.02468863e-01]
 [1.11366801e-01]
 [1.20443722e-01]
 [1.29611935e-01]
 [1.38780150e-01]
 [1.47857076e-01]
 [1.56755023e-01]
 [1.65393203e-01]]
Prediction Belgium,[[7.45256152e-05]
 [8.50020147e-05]
 [9.69508040e-05]
 [1.10578820e-04]
 [1.26121927e-04]
 [1.43849078e-04]
 [1.64066952e-04]
 [1.87125222e-04]
 [2.13422570e-04]
 [2.43413529e-04]
 [2.77616271e-04]
 [3.16621479e-04]
 [3.61102432e-04]
 [4.11826492e-04]
 [4.69668145e-04]
 [5.35623843e-04]
 [6.10828850e-04]
 [6.96576378e-04]
 [7.94339286e-04]
 [9.05794693e-04]
 [1.03285185e-03]
 [1.17768368e-03]
 [1.34276244e-03]
 [1.53089992e-03]
 [1.74529285e-03]
 [1.98957387e-03]
 [2.26786884e-03]
 [2.58486097e-03]
 [2.94586248e-03]
 [3.35689436e-03]
 [3.82477482e-03]
 [4.35721697e-03]
 [4.96293604e-03]
 [5.65176636e-03]
 [6.43478812e-03]
 [7.32446324e-03]
 [8.33477941e-03]
 [9.48140071e-03]
 [1.07818219e-02]
 [1.22555230e-02]
 [1.39241181e-02]
 [1.58114921e-02]
 [1.79439157e-02]
 [2.03501270e-02]
 [2.30613644e-02]
 [2.61113337e-02]
 [2.95360883e-02]
 [3.33737972e-02]
 [3.76643755e-02]
 [4.24489480e-02]
 [4.77691192e-02]
 [5.36660237e-02]
 [6.01791401e-02]
 [6.73448610e-02]
 [7.51948292e-02]
 [8.37540724e-02]
 [9.30389978e-02]
 [1.03055336e-01]
 [1.13796159e-01]
 [1.25240125e-01]
 [1.37350121e-01]
 [1.50072479e-01]
 [1.63336918e-01]
 [1.77057350e-01]
 [1.91133584e-01]
 [2.05453910e-01]
 [2.19898463e-01]
 [2.34343143e-01]
 [2.48663849e-01]
 [2.62740700e-01]
 [2.76461968e-01]
 [2.89727435e-01]
 [3.02450980e-01]
 [3.14562291e-01]
 [3.26007666e-01]
 [3.36749956e-01]
 [3.46767790e-01]
 [3.56054212e-01]
 [3.64614929e-01]
 [3.72466327e-01]
 [3.79633419e-01]
 [3.86147837e-01]
 [3.92045964e-01]
 [3.97367275e-01]
 [4.02152903e-01]
 [4.06444451e-01]
 [4.10283046e-01]
 [4.13708607e-01]
 [4.16759307e-01]
 [4.19471203e-01]]
Prediction Bulgaria,[[0.00100097]
 [0.00107175]
 [0.00114739]
 [0.00122819]
 [0.00131449]
 [0.00140663]
 [0.00150498]
 [0.00160991]
 [0.00172182]
 [0.00184114]
 [0.00196829]
 [0.00210373]
 [0.00224794]
 [0.00240139]
 [0.0025646 ]
 [0.00273808]
 [0.00292236]
 [0.003118  ]
 [0.00332554]
 [0.00354554]
 [0.00377858]
 [0.00402522]
 [0.00428603]
 [0.00456156]
 [0.00485235]
 [0.00515895]
 [0.00548185]
 [0.00582153]
 [0.00617843]
 [0.00655295]
 [0.00694543]
 [0.00735617]
 [0.00778538]
 [0.00823321]
 [0.00869973]
 [0.00918491]
 [0.00968862]
 [0.01021065]
 [0.01075064]
 [0.01130815]
 [0.01188261]
 [0.01247332]
 [0.01307947]
 [0.01370012]
 [0.01433423]
 [0.01498061]
 [0.01563801]
 [0.01630504]
 [0.01698024]
 [0.01766208]
 [0.01834895]
 [0.01903921]
 [0.01973116]
 [0.02042311]
 [0.02111337]
 [0.02180024]
 [0.02248208]]
Prediction Canada,[[9.91002521e-06]
 [1.11619324e-05]
 [1.25719781e-05]
 [1.41601348e-05]
 [1.59488970e-05]
 [1.79635986e-05]
 [2.02327719e-05]
 [2.27885505e-05]
 [2.56671233e-05]
 [2.89092462e-05]
 [3.25608173e-05]
 [3.66735251e-05]
 [4.13055772e-05]
 [4.65225217e-05]
 [5.23981706e-05]
 [5.90156393e-05]
 [6.64685162e-05]
 [7.48621784e-05]
 [8.43152714e-05]
 [9.49613741e-05]
 [1.06950870e-04]
 [1.20453051e-04]
 [1.35658483e-04]
 [1.52781661e-04]
 [1.72063995e-04]
 [1.93777161e-04]
 [2.18226862e-04]
 [2.45757048e-04]
 [2.76754645e-04]
 [3.11654865e-04]
 [3.50947136e-04]
 [3.95181756e-04]
 [4.44977322e-04]
 [5.01029031e-04]
 [5.64117952e-04]
 [6.35121345e-04]
 [7.15024162e-04]
 [8.04931817e-04]
 [9.06084352e-04]
 [1.01987212e-03]
 [1.14785311e-03]
 [1.29177201e-03]
 [1.45358111e-03]
 [1.63546325e-03]
 [1.83985671e-03]
 [2.06948219e-03]
 [2.32737193e-03]
 [2.61690075e-03]
 [2.94181905e-03]
 [3.30628729e-03]
 [3.71491182e-03]
 [4.17278127e-03]
 [4.68550278e-03]
 [5.25923715e-03]
 [5.90073129e-03]
 [6.61734647e-03]
 [7.41708004e-03]
 [8.30857798e-03]
 [9.30113512e-03]
 [1.04046793e-02]
 [1.16297347e-02]
 [1.29873608e-02]
 [1.44890592e-02]
 [1.61466462e-02]
 [1.79720828e-02]
 [1.99772588e-02]
 [2.21737274e-02]
 [2.45723871e-02]
 [2.71831132e-02]
 [3.00143422e-02]
 [3.30726173e-02]
 [3.63621105e-02]
 [3.98841388e-02]
 [4.36367007e-02]
 [4.76140621e-02]
 [5.18064261e-02]
 [5.61997182e-02]
 [6.07755212e-02]
 [6.55111847e-02]
 [7.03801239e-02]
 [7.53523136e-02]
 [8.03949619e-02]
 [8.54733391e-02]
 [9.05517168e-02]
 [9.55943668e-02]
 [1.00566559e-01]
 [1.05435502e-01]
 [1.10171170e-01]
 [1.14746978e-01]
 [1.19140276e-01]
 [1.23332646e-01]
 [1.27310014e-01]
 [1.31062583e-01]
 [1.34584618e-01]
 [1.37874118e-01]
 [1.40932400e-01]
 [1.43763636e-01]
 [1.46374368e-01]
 [1.48773034e-01]]
Prediction China,[]
Prediction Costa Rica,[[0.00097143]
 [0.00104799]
 [0.00113021]
 [0.00121846]
 [0.00131312]
 [0.00141457]
 [0.0015232 ]
 [0.00163943]
 [0.00176367]
 [0.00189633]
 [0.00203784]
 [0.0021886 ]
 [0.00234904]
 [0.00251954]
 [0.0027005 ]
 [0.00289225]
 [0.00309515]
 [0.00330947]
 [0.00353547]
 [0.00377335]
 [0.00402324]
 [0.00428523]
 [0.00455931]
 [0.00484541]
 [0.00514336]
 [0.0054529 ]
 [0.00577367]
 [0.00610521]
 [0.00644697]
 [0.00679829]
 [0.0071584 ]
 [0.00752644]
 [0.00790147]
 [0.00828247]
 [0.00866832]
 [0.00905786]
 [0.0094499 ]
 [0.0098432 ]
 [0.01023649]
 [0.01062853]
 [0.01101808]
 [0.01140393]
 [0.01178492]
 [0.01215995]
 [0.012528  ]
 [0.01288811]
 [0.01323942]
 [0.01358118]
 [0.01391273]
 [0.0142335 ]
 [0.01454303]
 [0.01484098]
 [0.01512708]
 [0.01540116]
 [0.01566315]
 [0.01591305]
 [0.01615093]
 [0.01637693]
 [0.01659125]]
Prediction Croatia,[[0.00014476]
 [0.00016811]
 [0.00019522]
 [0.00022668]
 [0.00026318]
 [0.00030553]
 [0.00035464]
 [0.00041158]
 [0.00047757]
 [0.00055403]
 [0.00064257]
 [0.00074504]
 [0.00086358]
 [0.0010006 ]
 [0.00115886]
 [0.00134146]
 [0.00155193]
 [0.00179421]
 [0.00207272]
 [0.00239233]
 [0.00275842]
 [0.00317683]
 [0.00365385]
 [0.00419614]
 [0.00481064]
 [0.00550443]
 [0.00628451]
 [0.00715755]
 [0.00812956]
 [0.00920551]
 [0.01038893]
 [0.01168143]
 [0.01308225]
 [0.01458788]
 [0.01619176]
 [0.01788411]
 [0.01965195]
 [0.02147937]
 [0.023348  ]
 [0.0252377 ]
 [0.0271274 ]
 [0.02899603]
 [0.03082345]
 [0.03259129]
 [0.03428364]
 [0.03588752]
 [0.03739315]
 [0.03879397]
 [0.04008647]
 [0.04126989]
 [0.04234584]
 [0.04331785]
 [0.04419089]
 [0.04497097]
 [0.04566476]
 [0.04627926]
 [0.04682155]
 [0.04729857]
 [0.04771698]
 [0.04808307]
 [0.04840268]
 [0.04868119]
 [0.04892347]
 [0.04913394]
 [0.04931654]
 [0.0494748 ]
 [0.04961182]
 [0.04973035]
 [0.04983283]]
Prediction Cyprus,[[0.00091507]
 [0.00107182]
 [0.00125493]
 [0.00146867]
 [0.00171791]
 [0.0020082 ]
 [0.00234588]
 [0.00273807]
 [0.00319275]
 [0.00371878]
 [0.0043259 ]
 [0.00502467]
 [0.00582636]
 [0.00674277]
 [0.00778595]
 [0.00896778]
 [0.0102995 ]
 [0.01179103]
 [0.01345022]
 [0.01528202]
 [0.01728758]
 [0.01946341]
 [0.02180071]
 [0.02428489]
 [0.02689551]
 [0.02960664]
 [0.03238765]
 [0.03520449]
 [0.03802134]
 [0.04080235]
 [0.04351348]
 [0.04612412]
 [0.04860831]
 [0.05094561]
 [0.05312145]
 [0.05512702]
 [0.05695883]
 [0.05861804]
 [0.06010957]
 [0.0614413 ]
 [0.06262314]
 [0.06366633]
 [0.06458275]
 [0.06538445]
 [0.06608322]
 [0.06669035]
 [0.06721638]
 [0.06767106]
 [0.06806325]
 [0.06840094]
 [0.06869124]
 [0.06894048]
 [0.06915421]
 [0.06933733]
 [0.06949408]
 [0.06962817]]
Prediction Denmark,[[0.00190873]
 [0.00212661]
 [0.00236901]
 [0.00263861]
 [0.00293836]
 [0.00327149]
 [0.00364158]
 [0.00405252]
 [0.00450858]
 [0.00501444]
 [0.00557514]
 [0.00619621]
 [0.00688358]
 [0.00764367]
 [0.00848336]
 [0.00940997]
 [0.01043131]
 [0.01155558]
 [0.01279137]
 [0.0141476 ]
 [0.01563343]
 [0.01725814]
 [0.01903104]
 [0.02096124]
 [0.02305752]
 [0.02532808]
 [0.02778027]
 [0.03042033]
 [0.03325307]
 [0.03628155]
 [0.03950679]
 [0.04292745]
 [0.04653952]
 [0.05033616]
 [0.05430747]
 [0.05844047]
 [0.06271908]
 [0.06712428]
 [0.07163437]
 [0.07622531]
 [0.08087124]
 [0.08554498]
 [0.09021872]
 [0.09486464]
 [0.09945558]
 [0.10396567]
 [0.10837087]
 [0.11264947]
 [0.11678246]
 [0.12075377]
 [0.1245504 ]
 [0.12816247]
 [0.13158311]
 [0.13480835]
 [0.13783682]
 [0.14066955]
 [0.1433096 ]
 [0.14576178]
 [0.14803234]
 [0.15012862]
 [0.15205881]
 [0.1538317 ]
 [0.15545641]
 [0.15694223]
 [0.15829846]
 [0.15953424]
 [0.16065851]]
Prediction Dominican Republic,[[0.00024735]
 [0.00027875]
 [0.00031413]
 [0.00035397]
 [0.00039885]
 [0.00044938]
 [0.00050626]
 [0.0005703 ]
 [0.00064237]
 [0.00072346]
 [0.00081468]
 [0.00091727]
 [0.00103261]
 [0.00116223]
 [0.00130785]
 [0.00147137]
 [0.00165489]
 [0.00186074]
 [0.00209151]
 [0.00235002]
 [0.00263937]
 [0.00296297]
 [0.0033245 ]
 [0.00372797]
 [0.00417768]
 [0.00467825]
 [0.00523456]
 [0.00585179]
 [0.00653529]
 [0.00729062]
 [0.00812339]
 [0.00903921]
 [0.01004352]
 [0.01114152]
 [0.01233792]
 [0.01363676]
 [0.01504124]
 [0.01655343]
 [0.0181741 ]
 [0.01990243]
 [0.02173588]
 [0.02366996]
 [0.02569819]
 [0.02781202]
 [0.03000086]
 [0.0322523 ]
 [0.03455226]
 [0.03688533]
 [0.03923521]
 [0.04158508]
 [0.04391815]
 [0.04621811]
 [0.04846955]
 [0.0506584 ]
 [0.05277222]
 [0.05480045]
 [0.05673454]
 [0.05856799]
 [0.06029632]
 [0.06191699]
 [0.06342919]
 [0.06483367]
 [0.06613251]
 [0.0673289 ]]
Prediction Ecuador,[[0.00054293]
 [0.00059996]
 [0.00066297]
 [0.00073259]
 [0.0008095 ]
 [0.00089446]
 [0.00098833]
 [0.00109201]
 [0.00120654]
 [0.00133304]
 [0.00147276]
 [0.00162706]
 [0.00179745]
 [0.0019856 ]
 [0.00219333]
 [0.00242266]
 [0.00267582]
 [0.00295523]
 [0.00326357]
 [0.0036038 ]
 [0.00397913]
 [0.00439313]
 [0.00484968]
 [0.00535302]
 [0.00590783]
 [0.00651919]
 [0.00719267]
 [0.00793431]
 [0.00875073]
 [0.00964908]
 [0.01063716]
 [0.01172338]
 [0.01291684]
 [0.01422735]
 [0.01566544]
 [0.0172424 ]
 [0.01897028]
 [0.02086188]
 [0.02293075]
 [0.02519117]
 [0.02765808]
 [0.03034703]
 [0.03327405]
 [0.03645556]
 [0.0399082 ]
 [0.04364859]
 [0.04769316]
 [0.0520578 ]
 [0.05675756]
 [0.06180631]
 [0.06721628]
 [0.07299765]
 [0.0791581 ]
 [0.08570231]
 [0.09263146]
 [0.09994285]
 [0.10762943]
 [0.11567946]
 [0.12407631]
 [0.13279824]
 [0.14181846]
 [0.15110523]
 [0.16062218]
 [0.17032877]]
Prediction El Salvador,[[0.0001352 ]
 [0.00015068]
 [0.00016791]
 [0.00018706]
 [0.00020836]
 [0.00023203]
 [0.00025831]
 [0.00028748]
 [0.00031984]
 [0.00035571]
 [0.00039544]
 [0.0004394 ]
 [0.000488  ]
 [0.00054166]
 [0.00060086]
 [0.00066608]
 [0.00073781]
 [0.0008166 ]
 [0.00090298]
 [0.0009975 ]
 [0.00110072]
 [0.00121318]
 [0.00133541]
 [0.0014679 ]
 [0.00161108]
 [0.00176535]
 [0.00193098]
 [0.00210817]
 [0.002297  ]
 [0.00249739]
 [0.00270911]
 [0.00293177]
 [0.00316478]
 [0.00340738]
 [0.00365863]
 [0.00391739]
 [0.00418239]
 [0.00445219]
 [0.00472526]
 [0.00499998]
 [0.0052747 ]
 [0.00554777]
 [0.00581757]
 [0.00608257]
 [0.00634133]
 [0.00659258]]
Prediction Estonia,[[0.00119498]
 [0.00135891]
 [0.00154507]
 [0.00175637]
 [0.00199612]
 [0.00226802]
 [0.0025762 ]
 [0.0029253 ]
 [0.00332045]
 [0.0037674 ]
 [0.00427246]
 [0.00484263]
 [0.00548553]
 [0.00620954]
 [0.00702367]
 [0.00793766]
 [0.00896186]
 [0.01010721]
 [0.01138507]
 [0.01280713]
 [0.01438514]
 [0.01613063]
 [0.01805463]
 [0.0201672 ]
 [0.02247698]
 [0.02499069]
 [0.02771255]
 [0.03064371]
 [0.03378174]
 [0.03712013]
 [0.04064794]
 [0.04434959]
 [0.04820492]
 [0.05218933]
 [0.05627436]
 [0.06042835]
 [0.0646174 ]
 [0.06880646]
 [0.07296045]
 [0.07704548]
 [0.08102989]
 [0.08488521]
 [0.08858686]
 [0.09211467]
 [0.09545305]
 [0.09859108]
 [0.10152224]
 [0.10424409]
 [0.1067578 ]
 [0.10906758]
 [0.11118015]
 [0.11310414]
 [0.11484963]
 [0.11642763]
 [0.11784969]
 [0.11912756]
 [0.1202729 ]
 [0.1212971 ]
 [0.12221109]
 [0.12302522]
 [0.12374922]
 [0.12439213]
 [0.12496229]
 [0.12546735]
 [0.1259143 ]
 [0.12630945]
 [0.12665855]]
Prediction Finland,[[4.44147618e-05]
 [4.93014925e-05]
 [5.47255936e-05]
 [6.07460894e-05]
 [6.74284719e-05]
 [7.48454051e-05]
 [8.30775071e-05]
 [9.22142139e-05]
 [1.02354738e-04]
 [1.13609129e-04]
 [1.26099447e-04]
 [1.39961056e-04]
 [1.55344069e-04]
 [1.72414923e-04]
 [1.91358141e-04]
 [2.12378261e-04]
 [2.35701975e-04]
 [2.61580481e-04]
 [2.90292080e-04]
 [3.22145035e-04]
 [3.57480709e-04]
 [3.96677021e-04]
 [4.40152236e-04]
 [4.88369117e-04]
 [5.41839472e-04]
 [6.01129119e-04]
 [6.66863303e-04]
 [7.39732585e-04]
 [8.20499236e-04]
 [9.10004161e-04]
 [1.00917436e-03]
 [1.11903096e-03]
 [1.24069778e-03]
 [1.37541050e-03]
 [1.52452634e-03]
 [1.68953422e-03]
 [1.87206535e-03]
 [2.07390427e-03]
 [2.29699992e-03]
 [2.54347694e-03]
 [2.81564668e-03]
 [3.11601782e-03]
 [3.44730613e-03]
 [3.81244307e-03]
 [4.21458256e-03]
 [4.65710535e-03]
 [5.14362032e-03]
 [5.67796174e-03]
 [6.26418155e-03]
 [6.90653568e-03]
 [7.60946300e-03]
 [8.37755585e-03]
 [9.21552073e-03]
 [1.01281279e-02]
 [1.11201489e-02]
 [1.21962802e-02]
 [1.33610542e-02]
 [1.46187344e-02]
 [1.59731990e-02]
 [1.74278102e-02]
 [1.89852746e-02]
 [2.06474963e-02]
 [2.24154272e-02]
 [2.42889215e-02]
 [2.62665987e-02]
 [2.83457255e-02]
 [3.05221224e-02]
 [3.27901041e-02]
 [3.51424610e-02]
 [3.75704878e-02]
 [4.00640634e-02]
 [4.26117830e-02]
 [4.52011421e-02]
 [4.78187654e-02]
 [5.04506749e-02]
 [5.30825839e-02]
 [5.57002059e-02]
 [5.82895627e-02]
 [6.08372792e-02]
 [6.33308509e-02]
 [6.57588732e-02]
 [6.81112249e-02]
 [7.03792009e-02]
 [7.25555917e-02]
 [7.46347121e-02]
 [7.66123827e-02]
 [7.84858701e-02]
 [8.02537943e-02]
 [8.19160091e-02]
 [8.34734668e-02]
 [8.49280715e-02]
 [8.62825297e-02]
 [8.75402038e-02]
 [8.87049719e-02]
 [8.97810977e-02]
 [9.07731134e-02]]
Prediction France,[[6.52515954e-06]
 [7.51541054e-06]
 [8.65593596e-06]
 [9.96953890e-06]
 [1.14824821e-05]
 [1.32250128e-05]
 [1.52319669e-05]
 [1.75434646e-05]
 [2.02057120e-05]
 [2.32719235e-05]
 [2.68033840e-05]
 [3.08706721e-05]
 [3.55550682e-05]
 [4.09501751e-05]
 [4.71637849e-05]
 [5.43200258e-05]
 [6.25618351e-05]
 [7.20538035e-05]
 [8.29854487e-05]
 [9.55749817e-05]
 [1.10073639e-04]
 [1.26770663e-04]
 [1.45999036e-04]
 [1.68142059e-04]
 [1.93640924e-04]
 [2.23003405e-04]
 [2.56813845e-04]
 [2.95744610e-04]
 [3.40569240e-04]
 [3.92177514e-04]
 [4.51592723e-04]
 [5.19991432e-04]
 [5.98726087e-04]
 [6.89350839e-04]
 [7.93651003e-04]
 [9.13676629e-04]
 [1.05178067e-03]
 [1.21066228e-03]
 [1.39341591e-03]
 [1.60358662e-03]
 [1.84523244e-03]
 [2.12299419e-03]
 [2.44217344e-03]
 [2.80881895e-03]
 [3.22982198e-03]
 [3.71302051e-03]
 [4.26731198e-03]
 [4.90277383e-03]
 [5.63079033e-03]
 [6.46418323e-03]
 [7.41734269e-03]
 [8.50635327e-03]
 [9.74910797e-03]
 [1.11654009e-02]
 [1.27769868e-02]
 [1.46075912e-02]
 [1.66828544e-02]
 [1.90301857e-02]
 [2.16785036e-02]
 [2.46578349e-02]
 [2.79987455e-02]
 [3.17315766e-02]
 [3.58854683e-02]
 [4.04871610e-02]
 [4.55595848e-02]
 [5.11202674e-02]
 [5.71796225e-02]
 [6.37392137e-02]
 [7.07901194e-02]
 [7.83115568e-02]
 [8.62699324e-02]
 [9.46184883e-02]
 [1.03297679e-01]
 [1.12236364e-01]
 [1.21353810e-01]
 [1.30562433e-01]
 [1.39771069e-01]
 [1.48888556e-01]
 [1.57827306e-01]
 [1.66506586e-01]
 [1.74855250e-01]
 [1.82813749e-01]
 [1.90335323e-01]
 [1.97386373e-01]
 [2.03946113e-01]
 [2.10005617e-01]
 [2.15566448e-01]
 [2.20639015e-01]
 [2.25240845e-01]
 [2.29394866e-01]
 [2.33127819e-01]
 [2.36468842e-01]
 [2.39448277e-01]
 [2.42096689e-01]
 [2.44444106e-01]
 [2.46519446e-01]
 [2.48350120e-01]
 [2.49961767e-01]
 [2.51378115e-01]
 [2.52620918e-01]
 [2.53709972e-01]]
Prediction Georgia,[[0.00015449]
 [0.00016892]
 [0.00018468]
 [0.00020189]
 [0.00022069]
 [0.00024123]
 [0.00026364]
 [0.00028811]
 [0.00031482]
 [0.00034396]
 [0.00037574]
 [0.0004104 ]
 [0.00044818]
 [0.00048936]
 [0.00053421]
 [0.00058306]
 [0.00063622]
 [0.00069406]
 [0.00075695]
 [0.0008253 ]
 [0.00089954]
 [0.00098011]
 [0.00106749]
 [0.0011622 ]
 [0.00126474]
 [0.00137568]
 [0.00149557]
 [0.00162501]
 [0.00176458]
 [0.0019149 ]
 [0.00207657]
 [0.0022502 ]
 [0.00243638]
 [0.00263569]
 [0.00284867]
 [0.00307583]
 [0.00331761]
 [0.00357441]
 [0.00384652]
 [0.00413416]
 [0.00443742]
 [0.0047563 ]
 [0.00509063]
 [0.00544012]
 [0.00580432]
 [0.0061826 ]
 [0.00657417]
 [0.0069781 ]
 [0.00739326]
 [0.00781838]
 [0.00825204]
 [0.0086927 ]
 [0.00913871]
 [0.00958834]
 [0.01003979]
 [0.01049123]
 [0.01094086]
 [0.01138687]
 [0.01182753]
 [0.0122612 ]
 [0.01268631]
 [0.01310147]
 [0.0135054 ]
 [0.01389697]
 [0.01427525]
 [0.01463945]
 [0.01498894]
 [0.01532327]]
Prediction Germany,[[1.01230740e-05]
 [1.17279704e-05]
 [1.35872866e-05]
 [1.57413492e-05]
 [1.82368743e-05]
 [2.11279796e-05]
 [2.44773562e-05]
 [2.83576252e-05]
 [3.28529088e-05]
 [3.80606502e-05]
 [4.40937189e-05]
 [5.10828492e-05]
 [5.91794621e-05]
 [6.85589314e-05]
 [7.94243621e-05]
 [9.20109622e-05]
 [1.06591099e-04]
 [1.23480145e-04]
 [1.43043235e-04]
 [1.65703076e-04]
 [1.91948964e-04]
 [2.22347194e-04]
 [2.57553076e-04]
 [2.98324781e-04]
 [3.45539295e-04]
 [4.00210790e-04]
 [4.63511737e-04]
 [5.36797155e-04]
 [6.21632426e-04]
 [7.19825128e-04]
 [8.33461407e-04]
 [9.64947438e-04]
 [1.11705655e-03]
 [1.29298264e-03]
 [1.49640039e-03]
 [1.73153301e-03]
 [2.00322784e-03]
 [2.31704027e-03]
 [2.67932609e-03]
 [3.09734206e-03]
 [3.57935414e-03]
 [4.13475198e-03]
 [4.77416741e-03]
 [5.50959377e-03]
 [6.35450084e-03]
 [7.32393882e-03]
 [8.43462194e-03]
 [9.70497972e-03]
 [1.11551608e-02]
 [1.28069702e-02]
 [1.46837190e-02]
 [1.68099594e-02]
 [1.92110804e-02]
 [2.19127357e-02]
 [2.49400811e-02]
 [2.83168052e-02]
 [3.20639523e-02]
 [3.61985537e-02]
 [4.07321154e-02]
 [4.56690356e-02]
 [5.10050677e-02]
 [5.67259692e-02]
 [6.28065031e-02]
 [6.92099577e-02]
 [7.58883308e-02]
 [8.27832733e-02]
 [8.98278097e-02]
 [9.69487615e-02]
 [1.04069705e-01]
 [1.11114215e-01]
 [1.18009116e-01]
 [1.24687433e-01]
 [1.31090820e-01]
 [1.37171276e-01]
 [1.42892093e-01]
 [1.48228037e-01]
 [1.53164866e-01]
 [1.57698337e-01]
 [1.61832849e-01]
 [1.65579910e-01]
 [1.68956553e-01]
 [1.71983822e-01]
 [1.74685407e-01]
 [1.77086463e-01]
 [1.79212644e-01]
 [1.81089339e-01]
 [1.82741101e-01]
 [1.84191239e-01]
 [1.85461558e-01]
 [1.86572207e-01]
 [1.87541615e-01]
 [1.88386496e-01]
 [1.89121899e-01]
 [1.89761295e-01]
 [1.90316675e-01]
 [1.90798671e-01]
 [1.91216674e-01]
 [1.91578948e-01]]
Prediction Greece,[[0.00070209]
 [0.00076641]
 [0.00083644]
 [0.00091266]
 [0.00099558]
 [0.00108575]
 [0.00118372]
 [0.00129013]
 [0.00140562]
 [0.00153086]
 [0.00166659]
 [0.00181355]
 [0.00197252]
 [0.00214432]
 [0.00232978]
 [0.00252975]
 [0.00274511]
 [0.00297672]
 [0.00322545]
 [0.00349214]
 [0.00377763]
 [0.00408268]
 [0.00440802]
 [0.00475428]
 [0.00512203]
 [0.00551168]
 [0.00592355]
 [0.00635778]
 [0.00681434]
 [0.00729301]
 [0.00779336]
 [0.00831473]
 [0.00885626]
 [0.0094168 ]
 [0.00999499]
 [0.01058925]
 [0.01119775]
 [0.01181847]
 [0.0124492 ]
 [0.01308757]
 [0.01373112]
 [0.01437727]
 [0.01502342]
 [0.01566696]
 [0.01630534]
 [0.01693607]
 [0.01755679]
 [0.01816529]
 [0.01875955]
 [0.01933774]
 [0.01989828]
 [0.0204398 ]
 [0.02096118]
 [0.02146153]
 [0.0219402 ]
 [0.02239676]
 [0.02283099]
 [0.02324286]
 [0.02363251]
 [0.02400026]
 [0.02434652]
 [0.02467186]
 [0.02497691]
 [0.02526239]
 [0.02552909]
 [0.02577782]
 [0.02600943]
 [0.02622478]]
Prediction Honduras,[[0.00021732]
 [0.00023962]
 [0.00026415]
 [0.00029112]
 [0.00032075]
 [0.00035328]
 [0.00038898]
 [0.00042813]
 [0.00047102]
 [0.00051797]
 [0.00056932]
 [0.00062543]
 [0.00068666]
 [0.0007534 ]
 [0.00082604]
 [0.000905  ]
 [0.00099068]
 [0.00108351]
 [0.00118387]
 [0.00129218]
 [0.0014088 ]
 [0.00153408]
 [0.00166832]
 [0.00181177]
 [0.00196462]
 [0.00212699]
 [0.0022989 ]
 [0.0024803 ]
 [0.002671  ]
 [0.00287071]
 [0.00307902]
 [0.00329539]
 [0.00351916]
 [0.00374954]
 [0.00398562]
 [0.00422641]
 [0.00447081]
 [0.00471765]
 [0.00496573]
 [0.00521381]
 [0.00546065]
 [0.00570505]
 [0.00594584]
 [0.00618192]
 [0.0064123 ]
 [0.00663607]
 [0.00685244]
 [0.00706075]
 [0.00726046]
 [0.00745116]
 [0.00763256]
 [0.00780447]
 [0.00796684]
 [0.00811969]]
Prediction Hungary,[[0.00014505]
 [0.00016509]
 [0.00018787]
 [0.00021378]
 [0.00024323]
 [0.0002767 ]
 [0.00031473]
 [0.00035792]
 [0.00040696]
 [0.00046261]
 [0.00052574]
 [0.0005973 ]
 [0.00067839]
 [0.0007702 ]
 [0.00087407]
 [0.00099147]
 [0.00112403]
 [0.00127354]
 [0.00144195]
 [0.00163138]
 [0.00184408]
 [0.0020825 ]
 [0.00234919]
 [0.0026468 ]
 [0.00297808]
 [0.00334578]
 [0.0037526 ]
 [0.00420115]
 [0.00469376]
 [0.0052325 ]
 [0.00581893]
 [0.00645406]
 [0.00713817]
 [0.00787071]
 [0.00865016]
 [0.00947397]
 [0.01033851]
 [0.01123905]
 [0.01216984]
 [0.01312421]
 [0.01409474]
 [0.01507349]
 [0.01605224]
 [0.01702277]
 [0.01797714]
 [0.01890793]
 [0.01980847]
 [0.02067301]
 [0.02149682]
 [0.02227627]
 [0.02300881]
 [0.02369292]
 [0.02432805]
 [0.02491448]
 [0.02545322]
 [0.02594584]
 [0.02639438]
 [0.0268012 ]
 [0.0271689 ]
 [0.02750018]
 [0.0277978 ]]
Prediction Iceland,[[0.00273683]
 [0.00327276]
 [0.00391282]
 [0.00467689]
 [0.00558852]
 [0.00667548]
 [0.0079705 ]
 [0.00951197]
 [0.0113448 ]
 [0.0135212 ]
 [0.01610157]
 [0.0191553 ]
 [0.02276135]
 [0.02700872]
 [0.03199636]
 [0.03783256]
 [0.0446334 ]
 [0.0525201 ]
 [0.06161491]
 [0.07203536]
 [0.08388668]
 [0.09725247]
 [0.11218404]
 [0.1286892 ]
 [0.1467217 ]
 [0.16617292]
 [0.18686764]
 [0.20856537]
 [0.23096834]
 [0.25373599]
 [0.27650485]
 [0.29891139]
 [0.32061481]
 [0.34131702]
 [0.36077712]
 [0.37881942]
 [0.3953349 ]
 [0.4102769 ]
 [0.42365291]
 [0.435514  ]
 [0.44594359]
 [0.45504679]
 [0.46294107]
 [0.46974868]
 [0.47559087]
 [0.48058376]
 [0.48483569]
 [0.48844568]
 [0.49150278]
 [0.49408605]
 [0.49626491]
 [0.49809983]
 [0.49964308]
 [0.50093959]
 [0.50202782]
 [0.5029405 ]
 [0.50370547]
 [0.50434628]
 [0.50488284]
 [0.50533193]
 [0.5057077 ]
 [0.50602203]
 [0.50628491]
 [0.50650471]
 [0.50668847]
 [0.50684208]]
Prediction Indonesia,[[5.48632346e-05]
 [5.94054872e-05]
 [6.43213710e-05]
 [6.96412009e-05]
 [7.53976792e-05]
 [8.16260717e-05]
 [8.83643934e-05]
 [9.56536063e-05]
 [1.03537828e-04]
 [1.12064552e-04]
 [1.21284877e-04]
 [1.31253752e-04]
 [1.42030227e-04]
 [1.53677718e-04]
 [1.66264275e-04]
 [1.79862870e-04]
 [1.94551676e-04]
 [2.10414365e-04]
 [2.27540400e-04]
 [2.46025324e-04]
 [2.65971057e-04]
 [2.87486167e-04]
 [3.10686143e-04]
 [3.35693634e-04]
 [3.62638673e-04]
 [3.91658852e-04]
 [4.22899466e-04]
 [4.56513589e-04]
 [4.92662084e-04]
 [5.31513539e-04]
 [5.73244097e-04]
 [6.18037175e-04]
 [6.66083054e-04]
 [7.17578320e-04]
 [7.72725130e-04]
 [8.31730300e-04]
 [8.94804169e-04]
 [9.62159248e-04]
 [1.03400862e-03]
 [1.11056406e-03]
 [1.19203392e-03]
 [1.27862068e-03]
 [1.37051829e-03]
 [1.46790912e-03]
 [1.57096079e-03]
 [1.67982265e-03]
 [1.79462212e-03]
 [1.91546085e-03]
 [2.04241085e-03]
 [2.17551055e-03]
 [2.31476098e-03]
 [2.46012217e-03]
 [2.61150982e-03]
 [2.76879239e-03]
 [2.93178882e-03]
 [3.10026682e-03]
 [3.27394207e-03]
 [3.45247827e-03]
 [3.63548812e-03]
 [3.82253543e-03]
 [4.01313825e-03]
 [4.20677301e-03]
 [4.40287973e-03]]
Prediction Ireland,[[0.00079269]
 [0.00091033]
 [0.00104539]
 [0.00120044]
 [0.00137842]
 [0.0015827 ]
 [0.00181712]
 [0.00208612]
 [0.00239473]
 [0.00274873]
 [0.0031547 ]
 [0.00362017]
 [0.00415369]
 [0.00476504]
 [0.0054653 ]
 [0.00626708]
 [0.00718465]
 [0.00823416]
 [0.00943383]
 [0.01080417]
 [0.01236819]
 [0.01415159]
 [0.016183  ]
 [0.01849409]
 [0.02111977]
 [0.0240982 ]
 [0.02747078]
 [0.03128203]
 [0.03557924]
 [0.04041201]
 [0.04583149]
 [0.05188936]
 [0.05863645]
 [0.06612112]
 [0.07438715]
 [0.08347139]
 [0.09340109]
 [0.10419113]
 [0.1158412 ]
 [0.12833315]
 [0.14162891]
 [0.15566901]
 [0.17037218]
 [0.18563607]
 [0.20133929]
 [0.21734481]
 [0.23350439]
 [0.249664  ]
 [0.26566958]
 [0.28137291]
 [0.29663693]
 [0.31134027]
 [0.32538057]
 [0.33867654]
 [0.35116872]
 [0.36281901]
 [0.3736093 ]
 [0.38353923]
 [0.39262369]
 [0.40088994]
 [0.40837482]
 [0.41512212]
 [0.42118016]
 [0.42659981]
 [0.43143273]]
Prediction Israel,[[1.72841574e-04]
 [2.01579522e-04]
 [2.35089294e-04]
 [2.74160944e-04]
 [3.19714503e-04]
 [3.72821075e-04]
 [4.34727235e-04]
 [5.06883230e-04]
 [5.90975513e-04]
 [6.88964207e-04]
 [8.03126144e-04]
 [9.36104191e-04]
 [1.09096357e-03]
 [1.27125597e-03]
 [1.48109213e-03]
 [1.72522363e-03]
 [2.00913436e-03]
 [2.33914207e-03]
 [2.72250990e-03]
 [3.16756728e-03]
 [3.68383889e-03]
 [4.28217929e-03]
 [4.97490922e-03]
 [5.77594783e-03]
 [6.70093271e-03]
 [7.76731628e-03]
 [8.99442383e-03]
 [1.04034539e-02]
 [1.20173979e-02]
 [1.38608499e-02]
 [1.59596766e-02]
 [1.83405113e-02]
 [2.10300411e-02]
 [2.40540593e-02]
 [2.74362678e-02]
 [3.11968378e-02]
 [3.53507613e-02]
 [3.99060718e-02]
 [4.48620504e-02]
 [5.02075810e-02]
 [5.59198520e-02]
 [6.19636137e-02]
 [6.82911851e-02]
 [7.48433467e-02]
 [8.15511636e-02]
 [8.83386648e-02]
 [9.51261814e-02]
 [1.01834044e-01]
 [1.08386279e-01]
 [1.14713949e-01]
 [1.20757830e-01]
 [1.26470236e-01]
 [1.31815912e-01]
 [1.36772043e-01]
 [1.41327509e-01]
 [1.45481585e-01]
 [1.49242304e-01]
 [1.52624655e-01]
 [1.55648806e-01]
 [1.58338459e-01]
 [1.60719408e-01]
 [1.62818338e-01]
 [1.64661883e-01]
 [1.66275910e-01]
 [1.67685014e-01]
 [1.68912188e-01]
 [1.69978629e-01]
 [1.70903665e-01]
 [1.71704748e-01]
 [1.72397517e-01]
 [1.72995891e-01]
 [1.73512192e-01]
 [1.73957275e-01]]
Prediction Italy,[[0.00032878]
 [0.00036831]
 [0.00041258]
 [0.00046217]
 [0.00051771]
 [0.00057991]
 [0.00064957]
 [0.00072758]
 [0.00081494]
 [0.00091276]
 [0.00102228]
 [0.0011449 ]
 [0.00128217]
 [0.00143583]
 [0.00160782]
 [0.0018003 ]
 [0.00201568]
 [0.00225666]
 [0.00252622]
 [0.00282772]
 [0.00316486]
 [0.00354178]
 [0.00396304]
 [0.00443375]
 [0.00495953]
 [0.00554663]
 [0.00620193]
 [0.00693303]
 [0.00774829]
 [0.00865691]
 [0.00966896]
 [0.01079544]
 [0.01204833]
 [0.01344065]
 [0.01498644]
 [0.01670086]
 [0.01860007]
 [0.02070133]
 [0.02302281]
 [0.0255836 ]
 [0.02840348]
 [0.03150276]
 [0.03490202]
 [0.03862175]
 [0.04268197]
 [0.04710172]
 [0.05189853]
 [0.05708775]
 [0.06268189]
 [0.06868984]
 [0.07511616]
 [0.08196026]
 [0.08921579]
 [0.09686996]
 [0.10490318]
 [0.11328871]
 [0.12199273]
 [0.13097454]
 [0.14018714]
 [0.14957804]
 [0.15909036]
 [0.16866418]
 [0.17823801]
 [0.18775036]
 [0.19714129]
 [0.20635394]
 [0.21533582]
 [0.22403992]
 [0.23242554]
 [0.24045884]
 [0.24811312]
 [0.25536875]
 [0.26221296]
 [0.26863938]
 [0.27464744]
 [0.28024168]
 [0.28543101]
 [0.29022791]
 [0.29464776]
 [0.29870806]
 [0.30242787]
 [0.30582721]
 [0.30892657]
 [0.31174652]
 [0.31430737]
 [0.31662891]
 [0.31873022]
 [0.32062949]
 [0.32234394]
 [0.32388978]
 [0.32528213]
 [0.32653506]
 [0.32766157]
 [0.32867364]]
Prediction Jordan,[[0.00057324]
 [0.00060087]
 [0.00062973]
 [0.00065989]
 [0.00069139]
 [0.00072427]
 [0.00075858]
 [0.00079439]
 [0.00083173]
 [0.00087066]
 [0.00091123]
 [0.0009535 ]
 [0.00099751]
 [0.00104331]
 [0.00109097]
 [0.00114053]
 [0.00119203]
 [0.00124553]
 [0.00130109]
 [0.00135873]
 [0.00141851]
 [0.00148047]
 [0.00154465]
 [0.00161109]
 [0.00167982]
 [0.00175086]
 [0.00182426]
 [0.00190002]
 [0.00197816]
 [0.00205871]
 [0.00214165]
 [0.002227  ]
 [0.00231475]
 [0.00240489]
 [0.0024974 ]
 [0.00259225]
 [0.00268942]
 [0.00278885]
 [0.00289051]
 [0.00299433]
 [0.00310026]
 [0.00320822]
 [0.00331812]
 [0.0034299 ]
 [0.00354344]
 [0.00365865]
 [0.00377541]
 [0.00389361]
 [0.00401313]
 [0.00413383]
 [0.00425558]
 [0.00437824]
 [0.00450166]
 [0.0046257 ]
 [0.00475021]
 [0.00487503]
 [0.005     ]
 [0.00512498]
 [0.00524979]
 [0.0053743 ]
 [0.00549834]
 [0.00562177]]
Prediction Kazakhstan,[[0.00021318]
 [0.00023777]
 [0.00026517]
 [0.00029569]
 [0.00032969]
 [0.00036755]
 [0.0004097 ]
 [0.00045662]
 [0.00050881]
 [0.00056685]
 [0.00063137]
 [0.00070307]
 [0.00078269]
 [0.00087106]
 [0.00096908]
 [0.00107773]
 [0.00119806]
 [0.00133121]
 [0.00147841]
 [0.00164097]
 [0.00182026]
 [0.00201777]
 [0.00223503]
 [0.00247363]
 [0.00273521]
 [0.00302146]
 [0.00333403]
 [0.00367458]
 [0.0040447 ]
 [0.00444586]
 [0.00487941]
 [0.00534649]
 [0.00584798]
 [0.00638447]
 [0.00695616]
 [0.00756284]
 [0.00820381]
 [0.00887788]
 [0.00958329]
 [0.01031773]
 [0.01107832]
 [0.01186165]
 [0.01266385]
 [0.01348058]
 [0.0143072 ]
 [0.01513882]
 [0.01597044]
 [0.01679706]
 [0.01761379]
 [0.01841598]
 [0.01919932]
 [0.01995991]]
Prediction Latvia,[[0.00034521]
 [0.00040403]
 [0.00047276]
 [0.00055301]
 [0.00064667]
 [0.0007559 ]
 [0.00088316]
 [0.00103131]
 [0.00120355]
 [0.00140355]
 [0.00163541]
 [0.00190371]
 [0.00221355]
 [0.00257049]
 [0.00298053]
 [0.00345008]
 [0.0039858 ]
 [0.00459448]
 [0.00528277]
 [0.00605693]
 [0.00692241]
 [0.0078835 ]
 [0.0089428 ]
 [0.01010076]
 [0.01135521]
 [0.01270099]
 [0.01412972]
 [0.01562976]
 [0.01718642]
 [0.01878241]
 [0.02039857]
 [0.02201473]
 [0.02361073]
 [0.02516739]
 [0.02666744]
 [0.02809618]
 [0.02944196]
 [0.03069642]
 [0.03185438]
 [0.03291369]
 [0.03387479]
 [0.03474028]
 [0.03551444]
 [0.03620274]
 [0.03681142]
 [0.03734715]
 [0.03781671]
 [0.03822676]
 [0.03858369]
 [0.03889354]
 [0.03916185]
 [0.03939371]
 [0.03959371]
 [0.03976595]
 [0.0399141 ]
 [0.04004137]
 [0.04015059]
 [0.04024426]
 [0.04032451]
 [0.04039324]
 [0.04045206]
 [0.04050238]
 [0.04054541]]
Prediction Lithuania,[[0.00014364]
 [0.00016819]
 [0.00019693]
 [0.00023055]
 [0.00026988]
 [0.00031588]
 [0.00036966]
 [0.00043253]
 [0.00050597]
 [0.00059173]
 [0.00069183]
 [0.00080859]
 [0.00094468]
 [0.00110317]
 [0.00128755]
 [0.00150181]
 [0.00175046]
 [0.00203855]
 [0.00237174]
 [0.00275629]
 [0.00319904]
 [0.00370736]
 [0.00428912]
 [0.00495248]
 [0.00570574]
 [0.00655702]
 [0.00751396]
 [0.00858319]
 [0.00976991]
 [0.01107721]
 [0.01250558]
 [0.01405227]
 [0.01571091]
 [0.01747118]
 [0.01931877]
 [0.02123567]
 [0.02320071]
 [0.02519042]
 [0.02718013]
 [0.02914516]
 [0.03106206]
 [0.03290965]
 [0.03466991]
 [0.03632855]
 [0.03787524]
 [0.03930361]
 [0.0406109 ]
 [0.04179761]
 [0.04286685]
 [0.04382378]
 [0.04467506]
 [0.04542831]
 [0.04609167]
 [0.04667342]
 [0.04718175]
 [0.04762449]
 [0.04800904]
 [0.04834223]
 [0.04863032]
 [0.04887897]
 [0.04909322]
 [0.04927761]
 [0.04943609]
 [0.04957218]
 [0.04968894]
 [0.04978904]]
Prediction Luxembourg,[[0.0021576 ]
 [0.0026005 ]
 [0.00313384]
 [0.00377587]
 [0.00454843]
 [0.00547761]
 [0.0065945 ]
 [0.00793609]
 [0.00954622]
 [0.01147669]
 [0.01378843]
 [0.01655271]
 [0.0198524 ]
 [0.02378303]
 [0.02845371]
 [0.03398752]
 [0.04052123]
 [0.04820395]
 [0.0571943 ]
 [0.06765572]
 [0.07974936]
 [0.09362436]
 [0.10940544]
 [0.12717809]
 [0.14697241]
 [0.16874737]
 [0.1923776 ]
 [0.21764571]
 [0.24424266]
 [0.27177781]
 [0.2997991 ]
 [0.32782137]
 [0.35535938]
 [0.38196087]
 [0.40723494]
 [0.43087217]
 [0.45265482]
 [0.47245715]
 [0.49023782]
 [0.50602668]
 [0.51990903]
 [0.53200947]
 [0.54247706]
 [0.55147294]
 [0.55916054]
 [0.56569851]
 [0.57123602]
 [0.57590988]
 [0.57984323]
 [0.58314522]
 [0.58591146]
 [0.58822485]
 [0.59015671]
 [0.59176801]
 [0.59311057]
 [0.59422828]
 [0.59515814]
 [0.59593127]
 [0.59657378]
 [0.59710751]
 [0.59755074]
 [0.59791871]
 [0.59822412]
 [0.59847757]
 [0.59868786]]
Prediction Madagascar,[[8.16257332e-05]
 [8.57748768e-05]
 [9.01330101e-05]
 [9.47104604e-05]
 [9.95180442e-05]
 [1.04567089e-04]
 [1.09869454e-04]
 [1.15437554e-04]
 [1.21284380e-04]
 [1.27423526e-04]
 [1.33869211e-04]
 [1.40636304e-04]
 [1.47740352e-04]
 [1.55197603e-04]
 [1.63025032e-04]
 [1.71240373e-04]
 [1.79862141e-04]
 [1.88909662e-04]
 [1.98403102e-04]
 [2.08363492e-04]
 [2.18812758e-04]
 [2.29773749e-04]
 [2.41270266e-04]
 [2.53327087e-04]
 [2.65969992e-04]
 [2.79225796e-04]
 [2.93122368e-04]
 [3.07688657e-04]
 [3.22954713e-04]
 [3.38951710e-04]
 [3.55711963e-04]
 [3.73268947e-04]
 [3.91657304e-04]
 [4.10912861e-04]
 [4.31072631e-04]
 [4.52174819e-04]
 [4.74258819e-04]
 [4.97365206e-04]
 [5.21535725e-04]
 [5.46813269e-04]
 [5.73241859e-04]
 [6.00866606e-04]
 [6.29733668e-04]
 [6.59890206e-04]
 [6.91384318e-04]]
Prediction Malta,[[0.0020662 ]
 [0.00235312]
 [0.00267879]
 [0.00304811]
 [0.00346654]
 [0.00394007]
 [0.00447528]
 [0.00507933]
 [0.00575999]
 [0.00652557]
 [0.00738492]
 [0.0083473 ]
 [0.0094223 ]
 [0.01061967]
 [0.01194906]
 [0.01341982]
 [0.01504061]
 [0.01681901]
 [0.01876113]
 [0.02087107]
 [0.02315049]
 [0.02559808]
 [0.02820916]
 [0.03097534]
 [0.03388431]
 [0.03691985]
 [0.04006195]
 [0.04328727]
 [0.0465697 ]
 [0.04988119]
 [0.05319268]
 [0.0564751 ]
 [0.05970042]
 [0.06284252]
 [0.06587806]
 [0.06878703]
 [0.07155321]
 [0.07416428]
 [0.07661187]
 [0.07889129]
 [0.08100123]
 [0.08294335]
 [0.08472175]
 [0.08634253]
 [0.08781329]
 [0.08914269]
 [0.09034005]
 [0.09141505]
 [0.09237743]
 [0.09323677]
 [0.09400236]
 [0.09468301]
 [0.09528706]
 [0.09582227]
 [0.0962958 ]
 [0.09671423]
 [0.09708355]
 [0.09740922]]
Prediction Mexico,[[4.12211379e-05]
 [4.55524539e-05]
 [5.03384250e-05]
 [5.56266744e-05]
 [6.14697915e-05]
 [6.79258445e-05]
 [7.50589451e-05]
 [8.29398701e-05]
 [9.16467455e-05]
 [1.01265798e-04]
 [1.11892184e-04]
 [1.23630892e-04]
 [1.36597747e-04]
 [1.50920497e-04]
 [1.66740016e-04]
 [1.84211612e-04]
 [2.03506467e-04]
 [2.24813199e-04]
 [2.48339580e-04]
 [2.74314394e-04]
 [3.02989472e-04]
 [3.34641886e-04]
 [3.69576345e-04]
 [4.08127767e-04]
 [4.50664068e-04]
 [4.97589148e-04]
 [5.49346097e-04]
 [6.06420618e-04]
 [6.69344655e-04]
 [7.38700234e-04]
 [8.15123493e-04]
 [8.99308886e-04]
 [9.92013527e-04]
 [1.09406163e-03]
 [1.20634897e-03]
 [1.32984739e-03]
 [1.46560905e-03]
 [1.61477052e-03]
 [1.77855650e-03]
 [1.95828292e-03]
 [2.15535924e-03]
 [2.37128985e-03]
 [2.60767401e-03]
 [2.86620430e-03]
 [3.14866292e-03]
 [3.45691572e-03]
 [3.79290326e-03]
 [4.15862861e-03]
 [4.55614133e-03]
 [4.98751720e-03]
 [5.45483322e-03]
 [5.96013765e-03]
 [6.50541462e-03]
 [7.09254345e-03]
 [7.72325274e-03]
 [8.39906946e-03]
 [9.12126410e-03]
 [9.89079264e-03]
 [1.07082370e-02]
 [1.15737461e-02]
 [1.24869790e-02]
 [1.34470544e-02]
 [1.44525072e-02]
 [1.55012572e-02]
 [1.65905916e-02]
 [1.77171638e-02]]
Prediction Moldova,[[0.00071322]
 [0.00081582]
 [0.0009331 ]
 [0.00106713]
 [0.00122026]
 [0.00139517]
 [0.00159489]
 [0.00182288]
 [0.00208302]
 [0.00237973]
 [0.00271797]
 [0.00310333]
 [0.00354209]
 [0.00404128]
 [0.00460874]
 [0.00525317]
 [0.00598421]
 [0.00681249]
 [0.0077496 ]
 [0.00880816]
 [0.01000175]
 [0.01134487]
 [0.01285279]
 [0.0145414 ]
 [0.01642693]
 [0.0185256 ]
 [0.02085318]
 [0.02342443]
 [0.02625248]
 [0.02934805]
 [0.03271868]
 [0.03636784]
 [0.04029415]
 [0.04449056]
 [0.04894382]
 [0.05363406]
 [0.05853473]
 [0.06361285]
 [0.06882973]
 [0.07414191]
 [0.07950262]
 [0.08486335]
 [0.09017555]
 [0.09539246]
 [0.10047063]
 [0.10537135]
 [0.11006165]
 [0.11451498]
 [0.11871147]
 [0.12263785]
 [0.12628709]
 [0.1296578 ]
 [0.13275345]
 [0.13558157]
 [0.13815289]
 [0.14048053]
 [0.14257926]]
Prediction Mongolia,[[0.00017986]
 [0.00018707]
 [0.00019455]
 [0.00020233]
 [0.00021041]
 [0.00021881]
 [0.00022754]
 [0.00023661]
 [0.00024602]
 [0.00025581]
 [0.00026597]
 [0.00027652]
 [0.00028749]
 [0.00029887]
 [0.00031068]
 [0.00032295]
 [0.00033569]
 [0.00034891]
 [0.00036264]
 [0.00037688]
 [0.00039166]
 [0.00040699]
 [0.0004229 ]
 [0.0004394 ]
 [0.00045651]
 [0.00047426]
 [0.00049266]
 [0.00051174]
 [0.00053151]
 [0.00055201]
 [0.00057324]
 [0.00059524]
 [0.00061803]
 [0.00064164]
 [0.00066608]
 [0.00069138]
 [0.00071758]
 [0.00074468]
 [0.00077272]
 [0.00080173]
 [0.00083173]
 [0.00086274]
 [0.0008948 ]
 [0.00092793]
 [0.00096216]
 [0.00099751]
 [0.00103401]
 [0.00107168]
 [0.00111056]
 [0.00115067]
 [0.00119203]
 [0.00123467]
 [0.00127862]
 [0.00132389]
 [0.00137051]]
Prediction Norway,[[0.00169006]
 [0.00194444]
 [0.00223648]
 [0.00257157]
 [0.00295578]
 [0.00339598]
 [0.00389987]
 [0.00447608]
 [0.0051342 ]
 [0.00588488]
 [0.00673983]
 [0.00771184]
 [0.00881474]
 [0.01006337]
 [0.01147337]
 [0.01306105]
 [0.01484303]
 [0.01683585]
 [0.01905544]
 [0.02151647]
 [0.02423158]
 [0.02721051]
 [0.03045919]
 [0.03397872]
 [0.03776452]
 [0.04180556]
 [0.04608381]
 [0.05057403]
 [0.05524399]
 [0.06005507]
 [0.0649634 ]
 [0.06992136]
 [0.07487934]
 [0.07978772]
 [0.08459887]
 [0.08926892]
 [0.09375927]
 [0.09803765]
 [0.10207885]
 [0.10586481]
 [0.10938451]
 [0.11263335]
 [0.11561245]
 [0.11832772]
 [0.1207889 ]
 [0.12300863]
 [0.12500158]
 [0.12678369]
 [0.12837148]
 [0.12978159]
 [0.1310303 ]
 [0.13213329]
 [0.13310537]
 [0.13396039]
 [0.13471113]
 [0.13536931]
 [0.13594556]
 [0.1364495 ]
 [0.13688973]
 [0.13727398]
 [0.1376091 ]
 [0.13790117]
 [0.13815556]
 [0.13837703]
 [0.13856975]
 [0.13873739]
 [0.13888315]
 [0.13900986]]
Prediction Pakistan,[[5.83821674e-05]
 [6.32343954e-05]
 [6.84889766e-05]
 [7.41791153e-05]
 [8.03407280e-05]
 [8.70126607e-05]
 [9.42369219e-05]
 [1.02058934e-04]
 [1.10527802e-04]
 [1.19696605e-04]
 [1.29622705e-04]
 [1.40368082e-04]
 [1.51999688e-04]
 [1.64589836e-04]
 [1.78216600e-04]
 [1.92964257e-04]
 [2.08923753e-04]
 [2.26193195e-04]
 [2.44878379e-04]
 [2.65093350e-04]
 [2.86960995e-04]
 [3.10613667e-04]
 [3.36193844e-04]
 [3.63854826e-04]
 [3.93761456e-04]
 [4.26090887e-04]
 [4.61033362e-04]
 [4.98793038e-04]
 [5.39588824e-04]
 [5.83655245e-04]
 [6.31243313e-04]
 [6.82621415e-04]
 [7.38076186e-04]
 [7.97913378e-04]
 [8.62458702e-04]
 [9.32058619e-04]
 [1.00708108e-03]
 [1.08791618e-03]
 [1.17497670e-03]
 [1.26869852e-03]
 [1.36954086e-03]
 [1.47798631e-03]
 [1.59454063e-03]
 [1.71973226e-03]
 [1.85411144e-03]
 [1.99824901e-03]
 [2.15273473e-03]
 [2.31817508e-03]
 [2.49519049e-03]
 [2.68441199e-03]
 [2.88647711e-03]
 [3.10202508e-03]
 [3.33169126e-03]
 [3.57610066e-03]
 [3.83586078e-03]
 [4.11155338e-03]
 [4.40372565e-03]
 [4.71288042e-03]
 [5.03946572e-03]
 [5.38386382e-03]
 [5.74637970e-03]
 [6.12722934e-03]
 [6.52652805e-03]
 [6.94427894e-03]
 [7.38036208e-03]
 [7.83452456e-03]
 [8.30637178e-03]
 [8.79536052e-03]]
Prediction Paraguay,[[0.00026597]
 [0.00028195]
 [0.00029887]
 [0.00031676]
 [0.00033569]
 [0.00035571]
 [0.00037688]
 [0.00039925]
 [0.0004229 ]
 [0.00044788]
 [0.00047426]
 [0.00050211]
 [0.00053151]
 [0.00056253]
 [0.00059525]
 [0.00062974]
 [0.00066608]
 [0.00070437]
 [0.00074468]
 [0.00078711]
 [0.00083173]
 [0.00087864]
 [0.00092793]
 [0.00097969]
 [0.00103401]
 [0.00109097]
 [0.00115067]
 [0.00121319]
 [0.00127862]
 [0.00134703]
 [0.00141851]
 [0.00149313]
 [0.00157096]
 [0.00165205]
 [0.00173647]
 [0.00182426]
 [0.00191546]
 [0.0020101 ]
 [0.00210819]
 [0.00220975]
 [0.00231476]
 [0.00242321]
 [0.00253507]
 [0.00265028]
 [0.00276879]
 [0.00289051]
 [0.00301536]
 [0.00314321]
 [0.00327394]
 [0.00340741]
 [0.00354345]
 [0.00368189]
 [0.00382253]
 [0.00396518]
 [0.00410961]
 [0.00425559]
 [0.00440288]]
Prediction Peru,[[0.00027698]
 [0.00031165]
 [0.00035065]
 [0.00039453]
 [0.00044389]
 [0.00049941]
 [0.00056187]
 [0.00063211]
 [0.00071111]
 [0.00079996]
 [0.00089986]
 [0.0010122 ]
 [0.00113849]
 [0.00128047]
 [0.00144006]
 [0.00161941]
 [0.00182094]
 [0.00204735]
 [0.00230167]
 [0.00258726]
 [0.00290789]
 [0.00326775]
 [0.00367151]
 [0.00412436]
 [0.00463207]
 [0.005201  ]
 [0.00583823]
 [0.00655153]
 [0.00734948]
 [0.00824146]
 [0.00923776]
 [0.01034957]
 [0.01158904]
 [0.01296928]
 [0.01450434]
 [0.01620924]
 [0.01809983]
 [0.02019276]
 [0.02250529]
 [0.02505512]
 [0.02786013]
 [0.03093802]
 [0.03430595]
 [0.03798003]
 [0.04197481]
 [0.04630259]
 [0.05097284]
 [0.05599139]
 [0.06135982]
 [0.06707472]
 [0.0731271 ]
 [0.07950193]
 [0.08617782]
 [0.09312695]
 [0.10031523]
 [0.10770278]
 [0.11524462]
 [0.12289172]
 [0.13059218]]
Prediction Poland,[[0.00034969]
 [0.00038997]
 [0.00043484]
 [0.00048482]
 [0.00054045]
 [0.00060237]
 [0.00067127]
 [0.0007479 ]
 [0.00083309]
 [0.00092776]
 [0.00103289]
 [0.0011496 ]
 [0.00127906]
 [0.00142256]
 [0.0015815 ]
 [0.0017574 ]
 [0.00195187]
 [0.00216663]
 [0.00240354]
 [0.00266453]
 [0.00295164]
 [0.00326698]
 [0.00361273]
 [0.0039911 ]
 [0.0044043 ]
 [0.00485452]
 [0.00534387]
 [0.00587431]
 [0.00644761]
 [0.0070653 ]
 [0.00772855]
 [0.00843813]
 [0.00919432]
 [0.00999684]
 [0.01084478]
 [0.01173655]
 [0.01266984]
 [0.01364156]
 [0.01464794]
 [0.01568445]
 [0.01674593]
 [0.01782668]
 [0.01892053]
 [0.02002101]
 [0.02112149]
 [0.02221534]
 [0.02329609]
 [0.02435757]
 [0.02539408]
 [0.02640046]
 [0.02737218]
 [0.02830547]
 [0.02919724]
 [0.03004518]
 [0.0308477 ]
 [0.03160389]
 [0.03231347]
 [0.03297672]
 [0.03359441]
 [0.03416771]
 [0.03469815]]
Prediction Portugal,[[0.00160108]
 [0.00182699]
 [0.00208451]
 [0.00237799]
 [0.00271233]
 [0.0030931 ]
 [0.00352656]
 [0.00401978]
 [0.00458071]
 [0.00521827]
 [0.00594242]
 [0.0067643 ]
 [0.0076963 ]
 [0.00875211]
 [0.00994685]
 [0.01129709]
 [0.01282089]
 [0.01453779]
 [0.01646872]
 [0.01863596]
 [0.02106282]
 [0.02377345]
 [0.02679235]
 [0.03014383]
 [0.03385139]
 [0.03793677]
 [0.04241907]
 [0.04731359]
 [0.05263066]
 [0.05837435]
 [0.06454136]
 [0.07111987]
 [0.07808872]
 [0.08541692]
 [0.0930636 ]
 [0.10097842]
 [0.10910261]
 [0.11737049]
 [0.12571149]
 [0.13405247]
 [0.14232033]
 [0.15044448]
 [0.15835925]
 [0.16600586]
 [0.17333399]
 [0.18030275]
 [0.18688116]
 [0.19304808]
 [0.19879168]
 [0.20410864]
 [0.20900307]
 [0.21348528]
 [0.21757058]
 [0.22127805]
 [0.22462946]
 [0.22764828]
 [0.23035884]
 [0.23278565]
 [0.23495283]
 [0.23688371]
 [0.23860056]
 [0.24012432]
 [0.24147452]]
Prediction Romania,[[0.00019752]
 [0.00022263]
 [0.00025091]
 [0.00028277]
 [0.00031867]
 [0.00035909]
 [0.00040461]
 [0.00045587]
 [0.00051357]
 [0.00057851]
 [0.00065159]
 [0.00073381]
 [0.00082628]
 [0.00093025]
 [0.0010471 ]
 [0.00117838]
 [0.00132581]
 [0.0014913 ]
 [0.00167694]
 [0.00188506]
 [0.00211822]
 [0.00237922]
 [0.00267114]
 [0.0029973 ]
 [0.00336133]
 [0.00376712]
 [0.00421883]
 [0.0047209 ]
 [0.00527798]
 [0.00589495]
 [0.0065768 ]
 [0.00732863]
 [0.00815551]
 [0.00906237]
 [0.01005392]
 [0.01113441]
 [0.01230752]
 [0.01357614]
 [0.01494217]
 [0.0164063 ]
 [0.0179678 ]
 [0.01962438]
 [0.021372  ]
 [0.02320479]
 [0.02511502]
 [0.02709314]
 [0.02912788]
 [0.03120653]
 [0.03331514]
 [0.03543896]
 [0.03756277]
 [0.03967139]
 [0.04175003]
 [0.04378478]
 [0.04576289]
 [0.04767312]
 [0.04950591]
 [0.05125353]
 [0.05291011]
 [0.05447162]
 [0.05593574]
 [0.05730177]
 [0.05857039]
 [0.05974351]
 [0.06082399]
 [0.06181554]
 [0.0627224 ]
 [0.06354928]]
Prediction Slovenia,[[0.00242625]
 [0.00274394]
 [0.00310131]
 [0.00350278]
 [0.00395314]
 [0.0044575 ]
 [0.0050213 ]
 [0.00565023]
 [0.0063502 ]
 [0.00712724]
 [0.00798736]
 [0.00893647]
 [0.00998011]
 [0.01112331]
 [0.01237034]
 [0.01372441]
 [0.01518742]
 [0.01675969]
 [0.01843966]
 [0.02022369]
 [0.02210587]
 [0.02407796]
 [0.02612938]
 [0.02824734]
 [0.0304171 ]
 [0.03262233]
 [0.03484559]
 [0.03706885]
 [0.03927408]
 [0.04144383]
 [0.04356178]
 [0.04561319]
 [0.04758526]
 [0.04946743]
 [0.05125144]
 [0.0529314 ]
 [0.05450365]
 [0.05596665]
 [0.0573207 ]
 [0.05856771]
 [0.0597109 ]
 [0.06075452]
 [0.06170361]
 [0.06256372]
 [0.06334075]
 [0.06404071]
 [0.06466963]
 [0.06523341]
 [0.06573777]
 [0.06618812]
 [0.06658959]
 [0.06694694]
 [0.06726462]
 [0.0675467 ]
 [0.06779691]
 [0.06801864]
 [0.06821498]
 [0.0683887 ]
 [0.06854232]
 [0.06867809]]
Prediction Spain,[[3.70784772e-05]
 [4.31563869e-05]
 [5.02304782e-05]
 [5.84639880e-05]
 [6.80468881e-05]
 [7.92002581e-05]
 [9.21813736e-05]
 [1.07289622e-04]
 [1.24873386e-04]
 [1.45338040e-04]
 [1.69155256e-04]
 [1.96873816e-04]
 [2.29132172e-04]
 [2.66673047e-04]
 [3.10360386e-04]
 [3.61199042e-04]
 [4.20357613e-04]
 [4.89194948e-04]
 [5.69290857e-04]
 [6.62481701e-04]
 [7.70901595e-04]
 [8.97030050e-04]
 [1.04374703e-03]
 [1.21439647e-03]
 [1.41285949e-03]
 [1.64363855e-03]
 [1.91195414e-03]
 [2.22385538e-03]
 [2.58634648e-03]
 [3.00753043e-03]
 [3.49677210e-03]
 [4.06488198e-03]
 [4.72432235e-03]
 [5.48943674e-03]
 [6.37670314e-03]
 [7.40501044e-03]
 [8.59595596e-03]
 [9.97416010e-03]
 [1.15675912e-02]
 [1.34078902e-02]
 [1.55306797e-02]
 [1.79758356e-02]
 [2.07876937e-02]
 [2.40151520e-02]
 [2.77116228e-02]
 [3.19347758e-02]
 [3.67460040e-02]
 [4.22095385e-02]
 [4.83911304e-02]
 [5.53562280e-02]
 [6.31675895e-02]
 [7.18823056e-02]
 [8.15482571e-02]
 [9.22001069e-02]
 [1.03855014e-01]
 [1.16508363e-01]
 [1.30129899e-01]
 [1.44660737e-01]
 [1.60011727e-01]
 [1.76063622e-01]
 [1.92669360e-01]
 [2.09658526e-01]
 [2.26843836e-01]
 [2.44029153e-01]
 [2.61018340e-01]
 [2.77624111e-01]
 [2.93676051e-01]
 [3.09027096e-01]
 [3.23557996e-01]
 [3.37179600e-01]
 [3.49833019e-01]
 [3.61487998e-01]
 [3.72139919e-01]
 [3.81805940e-01]
 [3.90520722e-01]
 [3.98332146e-01]
 [4.05297302e-01]
 [4.11478948e-01]
 [4.16942531e-01]
 [4.21753804e-01]
 [4.25976996e-01]
 [4.29673503e-01]
 [4.32900992e-01]
 [4.35712878e-01]
 [4.38158059e-01]
 [4.40280870e-01]
 [4.42121188e-01]
 [4.43714635e-01]
 [4.45092854e-01]
 [4.46283812e-01]
 [4.47312130e-01]
 [4.48199406e-01]
 [4.48964528e-01]]
Prediction Sweden,[[1.32161610e-04]
 [1.45780381e-04]
 [1.60801623e-04]
 [1.77369571e-04]
 [1.95643250e-04]
 [2.15797985e-04]
 [2.38027060e-04]
 [2.62543545e-04]
 [2.89582301e-04]
 [3.19402196e-04]
 [3.52288527e-04]
 [3.88555695e-04]
 [4.28550134e-04]
 [4.72653535e-04]
 [5.21286378e-04]
 [5.74911811e-04]
 [6.34039903e-04]
 [6.99232300e-04]
 [7.71107328e-04]
 [8.50345571e-04]
 [9.37695970e-04]
 [1.03398248e-03]
 [1.14011134e-03]
 [1.25707898e-03]
 [1.38598063e-03]
 [1.52801965e-03]
 [1.68451769e-03]
 [1.85692566e-03]
 [2.04683554e-03]
 [2.25599313e-03]
 [2.48631178e-03]
 [2.73988701e-03]
 [3.01901214e-03]
 [3.32619488e-03]
 [3.66417485e-03]
 [4.03594203e-03]
 [4.44475587e-03]
 [4.89416527e-03]
 [5.38802882e-03]
 [5.93053551e-03]
 [6.52622519e-03]
 [7.18000872e-03]
 [7.89718709e-03]
 [8.68346904e-03]
 [9.54498639e-03]
 [1.04883062e-02]
 [1.15204388e-02]
 [1.26488405e-02]
 [1.38814090e-02]
 [1.52264714e-02]
 [1.66927617e-02]
 [1.82893855e-02]
 [2.00257726e-02]
 [2.19116114e-02]
 [2.39567670e-02]
 [2.61711774e-02]
 [2.85647294e-02]
 [3.11471097e-02]
 [3.39276325e-02]
 [3.69150432e-02]
 [4.01172981e-02]
 [4.35413234e-02]
 [4.71927577e-02]
 [5.10756815e-02]
 [5.51923432e-02]
 [5.95428891e-02]
 [6.41251083e-02]
 [6.89342057e-02]
 [7.39626142e-02]
 [7.91998609e-02]
 [8.46324991e-02]
 [9.02441170e-02]
 [9.60154325e-02]
 [1.01924477e-01]
 [1.07946869e-01]
 [1.14056181e-01]
 [1.20224368e-01]
 [1.26422276e-01]
 [1.32620184e-01]
 [1.38788370e-01]
 [1.44897678e-01]
 [1.50920067e-01]
 [1.56829107e-01]
 [1.62600416e-01]
 [1.68212028e-01]
 [1.73644659e-01]
 [1.78881898e-01]
 [1.83910299e-01]
 [1.88719388e-01]
 [1.93301598e-01]
 [1.97652135e-01]
 [2.01768788e-01]
 [2.05651703e-01]
 [2.09303129e-01]]
Prediction Switzerland,[[0.00149501]
 [0.00175193]
 [0.00205272]
 [0.0024048 ]
 [0.00281675]
 [0.00329858]
 [0.00386189]
 [0.00452009]
 [0.0052887 ]
 [0.00618559]
 [0.00723127]
 [0.00844924]
 [0.00986624]
 [0.01151258]
 [0.01342242]
 [0.01563394]
 [0.01818945]
 [0.02113532]
 [0.02452176]
 [0.02840222]
 [0.03283253]
 [0.03786948]
 [0.043569  ]
 [0.04998367]
 [0.05715969]
 [0.06513332]
 [0.0739269 ]
 [0.08354478]
 [0.0939694 ]
 [0.10515813]
 [0.11704125]
 [0.12952162]
 [0.14247634]
 [0.15576071]
 [0.16921411]
 [0.18266752]
 [0.19595195]
 [0.20890676]
 [0.22138724]
 [0.2332705 ]
 [0.24445939]
 [0.25488418]
 [0.26450224]
 [0.273296  ]
 [0.2812698 ]
 [0.28844599]
 [0.29486082]
 [0.30056049]
 [0.30559758]
 [0.31002801]
 [0.31390859]
 [0.31729513]
 [0.32024109]
 [0.32279667]
 [0.32500826]
 [0.32691816]
 [0.32856456]
 [0.32998161]
 [0.33119961]
 [0.33224533]
 [0.33314225]
 [0.33391089]
 [0.33456911]
 [0.33513243]
 [0.33561428]
 [0.33602625]
 [0.33637834]
 [0.33667914]
 [0.33693607]]
Prediction Thailand,[]
Prediction Tunisia,[[0.00018264]
 [0.00020343]
 [0.00022654]
 [0.0002522 ]
 [0.00028068]
 [0.00031228]
 [0.0003473 ]
 [0.00038609]
 [0.00042901]
 [0.00047646]
 [0.00052886]
 [0.00058666]
 [0.00065034]
 [0.00072038]
 [0.00079731]
 [0.00088165]
 [0.00097395]
 [0.00107473]
 [0.00118455]
 [0.00130389]
 [0.00143326]
 [0.00157307]
 [0.0017237 ]
 [0.00188543]
 [0.00205845]
 [0.00224284]
 [0.00243851]
 [0.00264524]
 [0.00286266]
 [0.00309019]
 [0.00332708]
 [0.00357242]
 [0.0038251 ]
 [0.00408386]
 [0.00434731]
 [0.00461396]
 [0.00488222]
 [0.00515048]
 [0.00541712]
 [0.00568058]
 [0.00593934]
 [0.00619201]
 [0.00643735]
 [0.00667425]
 [0.00690177]
 [0.00711919]
 [0.00732593]
 [0.0075216 ]
 [0.00770598]
 [0.007879  ]
 [0.00804074]
 [0.00819136]
 [0.00833118]
 [0.00846054]
 [0.00857989]
 [0.0086897 ]
 [0.00879049]
 [0.00888278]
 [0.00896712]
 [0.00904405]
 [0.00911409]]
Prediction Turkey,[[0.00074752]
 [0.00087008]
 [0.00101261]
 [0.00117831]
 [0.00137089]
 [0.00159462]
 [0.00185443]
 [0.00215598]
 [0.00250577]
 [0.00291125]
 [0.0033809 ]
 [0.00392439]
 [0.00455265]
 [0.00527802]
 [0.00611432]
 [0.00707694]
 [0.0081829 ]
 [0.00945078]
 [0.0109007 ]
 [0.01255413]
 [0.01443355]
 [0.01656204]
 [0.01896261]
 [0.02165743]
 [0.0246667 ]
 [0.02800749]
 [0.03169226]
 [0.0357274 ]
 [0.04011165]
 [0.04483477]
 [0.04987643]
 [0.05520563]
 [0.06078072]
 [0.06655023]
 [0.07245438]
 [0.07842742]
 [0.08440047]
 [0.09030462]
 [0.09607414]
 [0.10164925]
 [0.10697847]
 [0.11202015]
 [0.11674329]
 [0.12112756]
 [0.12516272]
 [0.12884752]
 [0.13218833]
 [0.13519762]
 [0.13789245]
 [0.14029305]
 [0.14242155]
 [0.14430099]
 [0.14595443]
 [0.14740437]]
Prediction United States,[]
Prediction Ukraine,[[2.42058249e-05]
 [2.78398651e-05]
 [3.20189144e-05]
 [3.68245250e-05]
 [4.23503926e-05]
 [4.87041452e-05]
 [5.60093897e-05]
 [6.44080505e-05]
 [7.40630397e-05]
 [8.51613019e-05]
 [9.79172829e-05]
 [1.12576872e-04]
 [1.29421880e-04]
 [1.48775105e-04]
 [1.71006065e-04]
 [1.96537447e-04]
 [2.25852350e-04]
 [2.59502390e-04]
 [2.98116706e-04]
 [3.42411932e-04]
 [3.93203154e-04]
 [4.51415837e-04]
 [5.18098690e-04]
 [5.94437349e-04]
 [6.81768693e-04]
 [7.81595495e-04]
 [8.95600971e-04]
 [1.02566262e-03]
 [1.17386450e-03]
 [1.34250690e-03]
 [1.53411194e-03]
 [1.75142337e-03]
 [1.99739858e-03]
 [2.27519006e-03]
 [2.58811388e-03]
 [2.93960189e-03]
 [3.33313481e-03]
 [3.77215345e-03]
 [4.25994609e-03]
 [4.79951133e-03]
 [5.39339771e-03]
 [6.04352387e-03]
 [6.75098647e-03]
 [7.51586658e-03]
 [8.33704878e-03]
 [9.21207036e-03]
 [1.01370193e-02]
 [1.11064991e-02]
 [1.21136753e-02]
 [1.31504125e-02]
 [1.42075015e-02]
 [1.52749661e-02]
 [1.63424307e-02]
 [1.73995196e-02]
 [1.84362569e-02]
 [1.94434330e-02]
 [2.04129127e-02]
 [2.13378616e-02]
 [2.22128831e-02]
 [2.30340652e-02]
 [2.37989452e-02]
 [2.45064078e-02]]
Prediction United Kingdom,[[2.55115137e-05]
 [2.88554492e-05]
 [3.26376447e-05]
 [3.69155256e-05]
 [4.17540379e-05]
 [4.72266324e-05]
 [5.34163767e-05]
 [6.04172127e-05]
 [6.83353784e-05]
 [7.72910135e-05]
 [8.74199761e-05]
 [9.88758938e-05]
 [1.11832482e-04]
 [1.26486164e-04]
 [1.43059027e-04]
 [1.61802167e-04]
 [1.82999460e-04]
 [2.06971819e-04]
 [2.34082004e-04]
 [2.64740045e-04]
 [2.99409358e-04]
 [3.38613645e-04]
 [3.82944662e-04]
 [4.33070981e-04]
 [4.89747848e-04]
 [5.53828269e-04]
 [6.26275491e-04]
 [7.08177005e-04]
 [8.00760279e-04]
 [9.05410386e-04]
 [1.02368976e-03]
 [1.15736027e-03]
 [1.30840789e-03]
 [1.47907019e-03]
 [1.67186691e-03]
 [1.88963389e-03]
 [2.13556061e-03]
 [2.41323163e-03]
 [2.72667210e-03]
 [3.08039755e-03]
 [3.47946819e-03]
 [3.92954748e-03]
 [4.43696527e-03]
 [5.00878484e-03]
 [5.65287366e-03]
 [6.37797686e-03]
 [7.19379232e-03]
 [8.11104574e-03]
 [9.14156333e-03]
 [1.02983393e-02]
 [1.15955940e-02]
 [1.30488187e-02]
 [1.46747996e-02]
 [1.64916156e-02]
 [1.85186001e-02]
 [2.07762574e-02]
 [2.32861235e-02]
 [2.60705584e-02]
 [2.91524585e-02]
 [3.25548774e-02]
 [3.63005450e-02]
 [4.04112778e-02]
 [4.49072781e-02]
 [4.98063267e-02]
 [5.51228834e-02]
 [6.08671179e-02]
 [6.70439113e-02]
 [7.36518748e-02]
 [8.06824502e-02]
 [8.81191613e-02]
 [9.59370932e-02]
 [1.04102670e-01]
 [1.12573797e-01]
 [1.21300395e-01]
 [1.30225365e-01]
 [1.39285929e-01]
 [1.48415323e-01]
 [1.57544719e-01]
 [1.66605290e-01]
 [1.75530269e-01]
 [1.84256881e-01]
 [1.92728024e-01]
 [2.00893620e-01]
 [2.08711574e-01]
 [2.16148308e-01]
 [2.23178908e-01]
 [2.29786897e-01]
 [2.35963716e-01]
 [2.41707976e-01]
 [2.47024558e-01]
 [2.51923631e-01]
 [2.56419654e-01]
 [2.60530409e-01]
 [2.64276098e-01]]
Prediction Uruguay,[[0.00197003]
 [0.00215461]
 [0.0023542 ]
 [0.00256958]
 [0.00280149]
 [0.00305062]
 [0.00331756]
 [0.00360282]
 [0.00390677]
 [0.00422965]
 [0.00457152]
 [0.00493224]
 [0.00531146]
 [0.0057086 ]
 [0.00612284]
 [0.00655312]
 [0.0069981 ]
 [0.00745623]
 [0.00792571]
 [0.00840453]
 [0.00889054]
 [0.0093814 ]
 [0.00987473]
 [0.01036805]
 [0.01085892]
 [0.01134492]
 [0.01182375]
 [0.01229322]
 [0.01275135]
 [0.01319633]
 [0.01362661]
 [0.01404085]
 [0.014438  ]
 [0.01481722]
 [0.01517793]
 [0.0155198 ]
 [0.01584268]
 [0.01614664]
 [0.0164319 ]
 [0.01669884]
 [0.01694796]
 [0.01717987]
 [0.01739525]
 [0.01759484]
 [0.01777942]
 [0.01794981]
 [0.01810683]
 [0.01825129]
 [0.018384  ]
 [0.01850575]
 [0.01861732]]
Prediction Vietnam,[[0.0001057 ]
 [0.0001057 ]
 [0.0001057 ]
 [0.0001057 ]
 [0.0001057 ]
 [0.0001057 ]
 [0.0001057 ]
 [0.00010571]
 [0.00010571]
 [0.00010571]
 [0.00010571]
 [0.00010571]
 [0.00010571]
 [0.00010571]
 [0.00010571]
 [0.00010571]
 [0.00010571]
 [0.00010571]
 [0.00010571]
 [0.00010571]
 [0.00010571]
 [0.00010571]
 [0.00010571]
 [0.00010571]
 [0.00010571]
 [0.00010571]
 [0.00010571]
 [0.00010571]
 [0.00010571]
 [0.00010571]
 [0.00010571]
 [0.00010571]
 [0.00010571]
 [0.00010571]
 [0.00010571]
 [0.00010571]
 [0.00010571]
 [0.00010571]
 [0.00010571]
 [0.00010571]
 [0.00010571]
 [0.00010571]
 [0.00010571]
 [0.00010571]
 [0.00010571]
 [0.00010571]
 [0.00010571]
 [0.00010571]
 [0.00010571]
 [0.00010571]
 [0.00010571]
 [0.00010571]
 [0.00010571]
 [0.00010571]
 [0.00010571]
 [0.00010571]
 [0.00010571]
 [0.00010571]
 [0.00010571]
 [0.00010571]
 [0.00010571]
 [0.00010571]
 [0.00010571]
 [0.00010571]
 [0.00010571]
 [0.00010571]
 [0.00010571]
 [0.00010571]
 [0.00010571]
 [0.00010571]
 [0.00010571]
 [0.00010571]
 [0.00010571]
 [0.00010571]
 [0.00010571]
 [0.00010571]
 [0.00010571]
 [0.00010571]
 [0.00010571]
 [0.00010571]
 [0.00010571]
 [0.00010571]
 [0.00010571]
 [0.00010571]
 [0.00010571]
 [0.00010571]
 [0.00010571]
 [0.00010571]
 [0.00010571]
 [0.00010571]
 [0.00010571]
 [0.00010571]
 [0.00010571]
 [0.00010571]
 [0.00010571]
 [0.00010571]
 [0.00010571]
 [0.00010571]
 [0.00010571]
 [0.00010571]
 [0.00010571]
 [0.00010571]]
Prediction Zambia,[[7.03358812e-05]
 [7.39154236e-05]
 [7.76757114e-05]
 [8.16257226e-05]
 [8.57748658e-05]
 [9.01329987e-05]
 [9.47104486e-05]
 [9.95180320e-05]
 [1.04567076e-04]
 [1.09869441e-04]
 [1.15437540e-04]
 [1.21284366e-04]
 [1.27423511e-04]
 [1.33869196e-04]
 [1.40636289e-04]
 [1.47740336e-04]
 [1.55197586e-04]
 [1.63025015e-04]
 [1.71240355e-04]
 [1.79862123e-04]
 [1.88909643e-04]
 [1.98403083e-04]
 [2.08363472e-04]
 [2.18812737e-04]
 [2.29773728e-04]
 [2.41270244e-04]
 [2.53327064e-04]
 [2.65969969e-04]
 [2.79225772e-04]
 [2.93122344e-04]
 [3.07688631e-04]
 [3.22954686e-04]
 [3.38951683e-04]
 [3.55711936e-04]
 [3.73268918e-04]
 [3.91657275e-04]
 [4.10912831e-04]
 [4.31072601e-04]
 [4.52174788e-04]
 [4.74258788e-04]
 [4.97365174e-04]
 [5.21535692e-04]
 [5.46813236e-04]
 [5.73241825e-04]
 [6.00866571e-04]
 [6.29733633e-04]
 [6.59890170e-04]]
