True Argentina,"[0.00000000e+00 2.24746869e-06 2.24746869e-06 2.24746869e-06
 4.49493737e-06 1.79797495e-05 2.69696242e-05 2.69696242e-05
 3.82069677e-05 4.27019051e-05 4.27019051e-05 6.96715293e-05
 7.64139354e-05 1.01136091e-04 1.25858246e-04 1.52827871e-04
 1.77550026e-04 2.18004463e-04 2.87675992e-04 3.55100053e-04
 5.97826671e-04 6.76488075e-04 8.69770382e-04 8.69770382e-04
 1.12822928e-03 1.32375906e-03 1.55075339e-03 1.67436417e-03
 1.84292432e-03 2.36883200e-03 2.36883200e-03 2.54638202e-03
 2.84304789e-03 3.26107707e-03 3.26107707e-03 3.49256634e-03
 3.65887902e-03 3.85440880e-03 4.03420629e-03 4.43875066e-03
 4.43875066e-03 4.81407793e-03 4.96241086e-03 5.11748620e-03
 5.49056600e-03 5.77824199e-03 5.99849393e-03 6.19851864e-03
 6.38056360e-03 6.60980541e-03 6.81207759e-03 7.06604155e-03
 7.72005494e-03 8.10661955e-03 8.49543164e-03 8.74714813e-03
 8.99661716e-03 9.27530327e-03 9.63040332e-03 9.95179135e-03
 1.01855281e-02 1.05204009e-02 1.07496427e-02]"
True Armenia,"[0.00000000e+00 3.38779094e-05 3.38779094e-05 3.38779094e-05
 3.38779094e-05 3.38779094e-05 3.38779094e-05 3.38779094e-05
 3.38779094e-05 3.38779094e-05 3.38779094e-05 3.38779094e-05
 1.35511638e-04 2.71023275e-04 6.09802370e-04 8.80825645e-04
 1.76165129e-03 2.64247694e-03 2.84574439e-03 3.89595959e-03
 4.60739568e-03 5.42046551e-03 6.57231443e-03 7.96130872e-03
 8.43559945e-03 8.97764600e-03 9.82459374e-03 1.11458322e-02
 1.37883091e-02 1.43642336e-02 1.63291523e-02 1.80230478e-02
 1.93442863e-02 2.24610540e-02 2.49341413e-02 2.60859903e-02
 2.78476416e-02 2.82202986e-02 2.88978567e-02 2.98464382e-02
 3.12015546e-02 3.17436011e-02 3.27599384e-02 3.43183223e-02
 3.51991479e-02 3.61477294e-02 3.76383574e-02 3.92644970e-02
 4.06873692e-02 4.22796310e-02 4.37363811e-02 4.53625207e-02
 4.74629511e-02 4.99021606e-02 5.15960561e-02 5.40691435e-02
 5.68132541e-02 5.91508299e-02 6.12512603e-02 6.32500569e-02
 6.54521210e-02 6.99917609e-02 7.27697495e-02 7.70044881e-02
 8.08326919e-02]"
True Australia,"[0.00000000e+00 1.60110874e-05 2.00138592e-05 2.00138592e-05
 2.40166310e-05 3.60249466e-05 3.60249466e-05 4.80332621e-05
 4.80332621e-05 4.80332621e-05 5.20360339e-05 5.20360339e-05
 5.60388058e-05 6.00415776e-05 6.00415776e-05 6.00415776e-05
 6.00415776e-05 6.00415776e-05 6.00415776e-05 6.00415776e-05
 6.00415776e-05 6.00415776e-05 6.00415776e-05 6.00415776e-05
 6.00415776e-05 6.00415776e-05 6.00415776e-05 6.00415776e-05
 6.00415776e-05 6.00415776e-05 6.00415776e-05 6.00415776e-05
 6.00415776e-05 6.00415776e-05 6.00415776e-05 1.00069296e-04
 1.08074840e-04 1.20083155e-04 1.56108102e-04 2.08144136e-04
 2.20152451e-04 2.40166310e-04 2.52174626e-04 3.04210660e-04
 3.64252237e-04 4.28296587e-04 5.12354795e-04 5.12354795e-04
 8.00554368e-04 1.00069296e-03 1.18882324e-03 1.50904498e-03
 1.80925287e-03 2.27357440e-03 2.72588762e-03 3.16619252e-03
 4.28696864e-03 6.20029358e-03 6.73266223e-03 8.18166564e-03
 9.46255263e-03 1.12477889e-02 1.25807119e-02 1.45700895e-02
 1.59470430e-02 1.74560880e-02 1.82486368e-02 1.94614767e-02
 2.04781807e-02 2.13347739e-02 2.22153837e-02 2.27637635e-02
 2.32040684e-02 2.35963400e-02 2.40566588e-02 2.44489304e-02
 2.48772270e-02 2.52294709e-02 2.52775042e-02 2.54216040e-02
 2.56777814e-02 2.57778506e-02 2.58659116e-02 2.61060779e-02
 2.62902054e-02 2.64583219e-02 2.65103579e-02 2.65984189e-02
 2.66264383e-02 2.66664660e-02 2.67265076e-02 2.67945547e-02
 2.68746101e-02 2.69026295e-02 2.69946933e-02 2.70267155e-02
 2.70827543e-02 2.71307875e-02 2.72148457e-02 2.73069095e-02]"
True Austria,"[0.00000000e+00 2.26231011e-05 2.26231011e-05 3.39346516e-05
 3.39346516e-05 1.01803955e-04 1.58361707e-04 2.03607910e-04
 2.37542561e-04 3.28034965e-04 4.63773572e-04 6.22135279e-04
 8.93612492e-04 1.17640126e-03 1.48181312e-03 2.05870220e-03
 2.78264143e-03 3.41608826e-03 5.70102147e-03 7.40906560e-03
 9.72793346e-03 1.15151584e-02 1.50669853e-02 1.86188122e-02
 2.27701512e-02 2.70119827e-02 3.18307032e-02 4.05179740e-02
 5.06078771e-02 5.97589214e-02 6.32089444e-02 7.81515026e-02
 8.66125424e-02 9.35578344e-02 9.94059061e-02 1.08794493e-01
 1.15151584e-01 1.21158018e-01 1.25886246e-01 1.30354308e-01
 1.33261377e-01 1.36315495e-01 1.39098137e-01 1.42966687e-01
 1.46394087e-01 1.49810175e-01 1.53328067e-01 1.56167267e-01
 1.57739572e-01 1.58825481e-01 1.60918118e-01 1.62162388e-01
 1.63746005e-01 1.65092080e-01 1.65951758e-01 1.66834059e-01
 1.67354390e-01 1.68236691e-01 1.68824892e-01 1.69695881e-01
 1.70476378e-01 1.71347367e-01 1.72218357e-01 1.72772623e-01
 1.73711481e-01 1.74220501e-01 1.74786079e-01 1.75679691e-01
 1.75985103e-01 1.76426254e-01]"
True Belarus,"[0.00000000e+00 1.05446313e-05 1.05446313e-05 1.05446313e-05
 1.05446313e-05 1.05446313e-05 6.32677876e-05 6.32677876e-05
 6.32677876e-05 6.32677876e-05 6.32677876e-05 6.32677876e-05
 9.49016813e-05 9.49016813e-05 1.26535575e-04 2.84705044e-04
 2.84705044e-04 2.84705044e-04 3.79606725e-04 3.79606725e-04
 5.37776194e-04 5.37776194e-04 7.27579557e-04 8.01391976e-04
 8.01391976e-04 8.54115132e-04 8.54115132e-04 9.06838288e-04
 9.06838288e-04 9.91195338e-04 9.91195338e-04 9.91195338e-04
 1.60278395e-03 1.60278395e-03 1.71877490e-03 3.20556790e-03
 3.70116557e-03 4.63963775e-03 5.92608277e-03 7.38124188e-03
 9.07892751e-03 1.12405769e-02 1.56693221e-02 2.08889145e-02
 2.34723492e-02 2.71840594e-02 3.07797786e-02 3.45969352e-02
 3.93103853e-02 4.43296298e-02 5.03927928e-02 5.03927928e-02
 5.03927928e-02 6.60515702e-02 7.08915560e-02 7.67754602e-02
 8.45890320e-02 9.25080500e-02 1.01123014e-01 1.10328477e-01
 1.19038342e-01 1.28728858e-01 1.38988785e-01 1.47909543e-01
 1.57294264e-01 1.66900424e-01 1.76148065e-01]"
True Belgium,"[0.00000000e+00 8.74641484e-06 8.74641484e-06 8.74641484e-06
 8.74641484e-06 8.74641484e-06 8.74641484e-06 8.74641484e-06
 8.74641484e-06 8.74641484e-06 8.74641484e-06 8.74641484e-06
 8.74641484e-06 8.74641484e-06 8.74641484e-06 8.74641484e-06
 8.74641484e-06 8.74641484e-06 8.74641484e-06 8.74641484e-06
 8.74641484e-06 8.74641484e-06 8.74641484e-06 8.74641484e-06
 8.74641484e-06 8.74641484e-06 8.74641484e-06 1.74928297e-05
 6.99713188e-05 1.13703393e-04 2.01167541e-04 4.37320742e-04
 9.53359218e-04 1.47814411e-03 1.74928297e-03 2.09039315e-03
 2.33529276e-03 2.74637426e-03 2.74637426e-03 4.88924590e-03
 6.02627983e-03 7.74932355e-03 9.25370691e-03 1.08717937e-02
 1.29971725e-02 1.56998146e-02 1.97406583e-02 2.46211578e-02
 2.97465569e-02 3.27378308e-02 3.73384450e-02 4.31810501e-02
 5.45338966e-02 6.37088857e-02 7.98897532e-02 9.47761513e-02
 1.04073590e-01 1.11735450e-01 1.22134937e-01 1.34239975e-01
 1.46677377e-01 1.61205172e-01 1.72225655e-01 1.82047879e-01
 1.94117931e-01 2.04692347e-01 2.18511682e-01 2.33240645e-01
 2.45057051e-01 2.59304961e-01 2.67544084e-01 2.72179684e-01
 2.93643386e-01 3.04453954e-01 3.16077940e-01 3.25217943e-01
 3.36701986e-01 3.49707905e-01 3.58218166e-01 3.66378571e-01
 3.74320316e-01 3.87404953e-01 3.96431253e-01 4.03507102e-01
 4.08343870e-01 4.14002800e-01 4.18594668e-01 4.24367302e-01
 4.28854213e-01 4.33096224e-01 4.36498579e-01]"
True Bulgaria,"[0.00000000e+00 5.69392019e-05 5.69392019e-05 5.69392019e-05
 9.96436033e-05 9.96436033e-05 3.27400411e-04 5.83626819e-04
 7.25974824e-04 7.40209625e-04 9.53731632e-04 1.30960164e-03
 1.33807124e-03 1.80781966e-03 2.32027248e-03 2.66190769e-03
 2.86119489e-03 3.10318650e-03 3.44482171e-03 3.75798732e-03
 4.17079654e-03 4.71171896e-03 4.92524096e-03 5.11029337e-03
 5.67968539e-03 6.00708580e-03 6.50530382e-03 6.90387823e-03
 7.16010464e-03 7.55867905e-03 7.81490546e-03 8.21347987e-03
 8.44123668e-03 8.79710669e-03 9.03909830e-03 9.40920311e-03
 9.60849032e-03 9.75083832e-03 1.01494127e-02 1.06333960e-02
 1.13878404e-02 1.20426412e-02 1.24981548e-02 1.27259116e-02
 1.32241296e-02 1.38789305e-02 1.45764357e-02 1.56155761e-02
 1.75657438e-02 1.77507962e-02 1.85052406e-02 1.94020330e-02
 1.99144859e-02 2.05977563e-02 2.14376095e-02 2.21351147e-02
 2.26902720e-02 2.30319072e-02]"
True Canada,"[0.00000000e+00 2.69848978e-06 2.69848978e-06 5.39697955e-06
 5.39697955e-06 5.39697955e-06 1.07939591e-05 1.07939591e-05
 1.07939591e-05 1.07939591e-05 1.07939591e-05 1.34924489e-05
 1.34924489e-05 1.88894284e-05 1.88894284e-05 1.88894284e-05
 1.88894284e-05 1.88894284e-05 1.88894284e-05 1.88894284e-05
 1.88894284e-05 1.88894284e-05 1.88894284e-05 2.15879182e-05
 2.15879182e-05 2.15879182e-05 2.15879182e-05 2.42864080e-05
 2.42864080e-05 2.42864080e-05 2.69848978e-05 2.96833875e-05
 2.96833875e-05 3.50803671e-05 3.77788569e-05 5.39697955e-05
 6.47637546e-05 7.28592240e-05 8.09546933e-05 8.90501626e-05
 9.98441217e-05 1.32225999e-04 1.45718448e-04 1.72703346e-04
 2.07783713e-04 2.13180692e-04 2.91436896e-04 3.15723304e-04
 5.20808527e-04 5.34300976e-04 6.80019424e-04 1.11987326e-03
 1.28987811e-03 1.77290778e-03 2.15879182e-03 2.54467586e-03
 3.44597144e-03 3.96408148e-03 5.63444665e-03 7.52878648e-03
 8.77279026e-03 1.09072957e-02 1.26343291e-02 1.50467790e-02
 1.69465158e-02 1.99634274e-02 2.30100223e-02 2.57975623e-02
 3.04497586e-02 3.35611174e-02 3.50210003e-02 4.25174049e-02
 4.46950862e-02 4.82274093e-02 5.16517928e-02 5.57346078e-02
 5.95259860e-02 6.29179876e-02 6.55706031e-02 6.92972175e-02
 7.29536711e-02 7.61216981e-02 8.31377715e-02 8.85482435e-02
 9.27093148e-02 9.61552862e-02 1.01619728e-01 1.06325894e-01
 1.12427180e-01 1.16841909e-01 1.21213462e-01 1.25131669e-01
 1.29616559e-01 1.33888269e-01 1.38027752e-01 1.42655662e-01
 1.46951658e-01 1.52041009e-01 1.56312719e-01 1.63269425e-01]"
True China,[]
True Costa Rica,"[0.00000000e+00 2.00022363e-05 2.00022363e-05 1.00011181e-04
 1.80020126e-04 1.80020126e-04 2.60029071e-04 4.40049198e-04
 4.60051434e-04 5.20058143e-04 5.40060379e-04 7.00078269e-04
 8.20091686e-04 1.00011181e-03 1.38015430e-03 1.78019903e-03
 2.34026164e-03 2.68029966e-03 3.16035333e-03 3.54039582e-03
 4.02044949e-03 4.62051657e-03 5.26058813e-03 5.90065969e-03
 6.28070218e-03 6.60073796e-03 6.94077598e-03 7.50083859e-03
 7.92088556e-03 8.32093028e-03 8.70097277e-03 9.08101526e-03
 9.34104433e-03 9.66108011e-03 1.00411226e-02 1.07812053e-02
 1.11612478e-02 1.15412903e-02 1.19013306e-02 1.22413686e-02
 1.23613820e-02 1.25213999e-02 1.28414357e-02 1.29814513e-02
 1.31014647e-02 1.32014759e-02 1.32414804e-02 1.33814961e-02
 1.36215229e-02 1.37215341e-02 1.37415363e-02 1.38615497e-02
 1.39015542e-02 1.39415587e-02 1.41015766e-02 1.42615944e-02
 1.43816079e-02 1.45016213e-02 1.46616392e-02 1.47816526e-02]"
True Croatia,"[0.00000000e+00 2.44627790e-05 7.33883371e-05 7.33883371e-05
 1.22313895e-04 1.46776674e-04 1.71239453e-04 1.71239453e-04
 2.20165011e-04 2.44627790e-04 2.44627790e-04 2.69090569e-04
 2.93553348e-04 2.93553348e-04 2.93553348e-04 3.42478906e-04
 4.64792801e-04 4.64792801e-04 7.82808929e-04 9.29585603e-04
 1.19867617e-03 1.39437840e-03 1.59008064e-03 1.98148510e-03
 2.56859180e-03 3.13123572e-03 5.03933248e-03 6.21354587e-03
 7.70577539e-03 9.34478159e-03 1.08125483e-02 1.21090756e-02
 1.43351885e-02 1.60720458e-02 1.74419614e-02 1.93255954e-02
 2.12092294e-02 2.35576562e-02 2.47318696e-02 2.63953386e-02
 2.75450892e-02 2.89150048e-02 2.98935160e-02 3.13612827e-02
 3.28535122e-02 3.44191301e-02 3.65718546e-02 3.75259030e-02
 3.91404464e-02 4.03635854e-02 4.16845755e-02 4.25896983e-02
 4.38128372e-02 4.43754812e-02 4.48158112e-02 4.57698596e-02
 4.60144873e-02 4.66749824e-02 4.77024191e-02 4.84607652e-02
 4.91457231e-02 4.93169625e-02 4.96594414e-02 4.98796064e-02
 5.00753087e-02 5.04422504e-02 5.07847293e-02 5.10048943e-02
 5.10782826e-02 5.12739848e-02]"
True Cyprus,"[0.         0.00016817 0.00025226 0.00050451 0.00050451 0.0011772
 0.00218622 0.00218622 0.00277482 0.00386794 0.00412019 0.00563373
 0.00563373 0.00706319 0.00798813 0.00975392 0.01042661 0.01109929
 0.01227649 0.01362186 0.01505131 0.01799431 0.01933968 0.02203041
 0.02690738 0.02993446 0.03329788 0.03582044 0.03750215 0.03909978
 0.04153826 0.044229   0.04742425 0.0500309  0.0517967  0.05322615
 0.05566463 0.05843946 0.06012117 0.06180288 0.06306416 0.0639891
 0.06449362 0.06491404 0.06592307 0.06642758 0.06684801 0.06760478
 0.06810929 0.06869789 0.06911832 0.0703796  0.07088412 0.07147272
 0.07206132 0.07264991 0.0733226 ]"
True Denmark,"[0.00000000e+00 1.72603180e-05 1.72603180e-05 5.17809541e-05
 6.90412722e-05 6.90412722e-05 1.03561908e-04 1.89863499e-04
 1.89863499e-04 4.14247633e-04 4.14247633e-04 6.38631768e-04
 1.58794926e-03 4.55672396e-03 7.66358121e-03 1.06496162e-02
 1.38772957e-02 1.44296259e-02 1.51027783e-02 1.61038767e-02
 1.76918260e-02 1.92625149e-02 2.11438896e-02 2.30770452e-02
 2.45096516e-02 2.61321215e-02 2.71332200e-02 2.96532264e-02
 3.21387122e-02 3.49176234e-02 3.79726997e-02 4.08379125e-02
 4.42554555e-02 4.75521762e-02 5.24541065e-02 5.67864464e-02
 6.16711164e-02 6.81092150e-02 7.36842977e-02 7.87243106e-02
 8.41440505e-02 9.08928348e-02 9.66060001e-02 1.00627654e-01
 1.03803553e-01 1.06858629e-01 1.09930966e-01 1.12416451e-01
 1.15747693e-01 1.18681947e-01 1.22099490e-01 1.25447992e-01
 1.28364985e-01 1.30833211e-01 1.33094312e-01 1.36201170e-01
 1.39946659e-01 1.42760091e-01 1.45124754e-01 1.49180929e-01
 1.51424770e-01 1.53547789e-01 1.56188618e-01 1.58898488e-01
 1.61487536e-01 1.64128364e-01 1.65785355e-01 1.67787552e-01]"
True Dominican Republic,"[0.00000000e+00 9.40984731e-06 9.40984731e-06 9.40984731e-06
 9.40984731e-06 9.40984731e-06 1.88196946e-05 1.88196946e-05
 4.70492366e-05 4.70492366e-05 4.70492366e-05 4.70492366e-05
 4.70492366e-05 4.70492366e-05 1.03508320e-04 1.03508320e-04
 1.03508320e-04 1.97606794e-04 1.97606794e-04 3.19934809e-04
 6.77509006e-04 1.05390290e-03 1.90078916e-03 2.30541259e-03
 2.93587236e-03 3.68866015e-03 4.59200549e-03 5.46712129e-03
 6.76568022e-03 8.08305884e-03 8.47827243e-03 1.04355207e-02
 1.20822439e-02 1.29855893e-02 1.40018528e-02 1.40018528e-02
 1.64201836e-02 1.72012009e-02 1.84056613e-02 1.98641877e-02
 2.21037313e-02 2.46538000e-02 2.59617687e-02 2.79190170e-02
 2.98009864e-02 3.09207583e-02 3.40071882e-02 3.53339767e-02
 3.88250300e-02 4.07916881e-02 4.40380854e-02 4.67104821e-02
 4.74632698e-02 4.98721907e-02 5.21587836e-02 5.40972122e-02
 5.57627552e-02 5.77294133e-02 5.92161691e-02 6.03735803e-02
 6.25943043e-02 6.56054555e-02 6.85789672e-02 7.13078229e-02
 7.48459255e-02]"
True Ecuador,"[0.00000000e+00 3.51198468e-05 3.51198468e-05 4.09731546e-05
 5.85330779e-05 7.60930013e-05 7.60930013e-05 7.60930013e-05
 8.19463091e-05 8.77996169e-05 8.77996169e-05 9.95062325e-05
 9.95062325e-05 9.95062325e-05 1.63892618e-04 1.63892618e-04
 2.16572388e-04 3.39491852e-04 6.49717165e-04 1.16480825e-03
 2.14816396e-03 2.96177374e-03 4.61825985e-03 5.74209495e-03
 6.33327903e-03 6.86593004e-03 8.21219084e-03 9.33602593e-03
 1.06705801e-02 1.12617642e-02 1.14841899e-02 1.31114095e-02
 1.60848898e-02 1.85140126e-02 1.97139407e-02 2.02817115e-02
 2.13411602e-02 2.19323443e-02 2.19323443e-02 2.60472197e-02
 2.90616732e-02 4.19155371e-02 4.24774547e-02 4.37007960e-02
 4.40695544e-02 4.45026992e-02 4.59952927e-02 4.81434566e-02
 4.94604509e-02 5.28085429e-02 5.54191182e-02 5.92823013e-02
 6.08626945e-02 6.35083896e-02 6.54575411e-02 1.32981300e-01
 1.32981300e-01 1.32981300e-01 1.36030873e-01 1.41989540e-01
 1.44430370e-01 1.45946377e-01 1.54152714e-01 1.60755245e-01
 1.72895006e-01]"
True El Salvador,"[0.00000000e+00 1.55745191e-05 1.55745191e-05 4.67235573e-05
 4.67235573e-05 4.67235573e-05 7.78725954e-05 1.40170672e-04
 2.02468748e-04 2.02468748e-04 2.95915863e-04 3.73788458e-04
 4.67235573e-04 4.98384611e-04 4.98384611e-04 6.38555283e-04
 7.16427878e-04 8.72173069e-04 9.65620184e-04 1.07464182e-03
 1.21481249e-03 1.44843028e-03 1.60417547e-03 1.82221873e-03
 1.83779325e-03 1.94681489e-03 2.13370912e-03 2.32060334e-03
 2.47634854e-03 2.55422113e-03 2.75668988e-03 2.95915863e-03
 3.13047834e-03 3.39524516e-03 3.50426680e-03 3.69116102e-03
 3.89362977e-03 4.26741823e-03 4.26741823e-03 4.64120669e-03
 5.03056967e-03 5.37320909e-03 5.87159370e-03 6.15193504e-03
 6.60359609e-03 6.94623551e-03 7.63151435e-03]"
True Estonia,"[0.00000000e+00 7.56442813e-05 7.56442813e-05 7.56442813e-05
 7.56442813e-05 7.56442813e-05 1.51288563e-04 1.51288563e-04
 2.26932844e-04 7.56442813e-04 7.56442813e-04 7.56442813e-04
 7.56442813e-04 9.07731375e-04 1.21030850e-03 1.21030850e-03
 5.97589822e-03 8.69909234e-03 1.29351721e-02 1.55070777e-02
 1.70199633e-02 1.95162246e-02 2.01970231e-02 2.14073316e-02
 2.31471501e-02 2.46600357e-02 2.66267870e-02 2.79127398e-02
 3.05602896e-02 4.06966233e-02 4.34954617e-02 4.87905614e-02
 5.13624670e-02 5.40856611e-02 5.63549895e-02 5.89268951e-02
 6.49027933e-02 7.26941543e-02 7.85944082e-02 8.29817765e-02
 8.38138636e-02 8.69152792e-02 8.96384733e-02 9.13026475e-02
 9.51605058e-02 9.86401428e-02 9.90183642e-02 1.00758183e-01
 1.03859598e-01 1.05901994e-01 1.08473899e-01 1.10365006e-01
 1.14374153e-01 1.15584462e-01 1.16113972e-01 1.17399925e-01
 1.17929434e-01 1.20425696e-01 1.21409071e-01 1.23678400e-01
 1.24283554e-01 1.24586131e-01 1.25569507e-01 1.26023373e-01
 1.27763191e-01 1.28141412e-01 1.28519634e-01 1.28595278e-01]"
True Finland,"[0.00000000e+00 1.81306403e-05 1.81306403e-05 1.81306403e-05
 1.81306403e-05 1.81306403e-05 1.81306403e-05 1.81306403e-05
 1.81306403e-05 1.81306403e-05 1.81306403e-05 1.81306403e-05
 1.81306403e-05 1.81306403e-05 1.81306403e-05 1.81306403e-05
 1.81306403e-05 1.81306403e-05 1.81306403e-05 1.81306403e-05
 1.81306403e-05 1.81306403e-05 1.81306403e-05 1.81306403e-05
 1.81306403e-05 1.81306403e-05 1.81306403e-05 1.81306403e-05
 1.81306403e-05 3.62612807e-05 3.62612807e-05 3.62612807e-05
 5.43919210e-05 1.08783842e-04 1.08783842e-04 1.08783842e-04
 1.08783842e-04 2.17567684e-04 2.71959605e-04 2.71959605e-04
 4.17004728e-04 5.43919210e-04 7.25225613e-04 1.06970778e-03
 1.06970778e-03 2.81024925e-03 4.07939407e-03 4.42387624e-03
 5.02218737e-03 5.81993555e-03 6.09189515e-03 7.25225613e-03
 8.15878815e-03 9.48232489e-03 1.13497808e-02 1.26914482e-02
 1.43594671e-02 1.59549635e-02 1.73691534e-02 1.88739966e-02
 2.11584573e-02 2.24819940e-02 2.45126257e-02 2.57092480e-02
 2.62169059e-02 2.75223120e-02 2.92809841e-02 3.41218651e-02
 3.49377439e-02 3.94522734e-02 4.18455179e-02 4.50909025e-02
 4.72303181e-02 5.02037431e-02 5.26695102e-02 5.39205243e-02
 5.55522820e-02 5.73109541e-02 5.86888827e-02 6.10821273e-02
 6.32578041e-02 6.67388871e-02 6.85882124e-02 7.01293168e-02
 7.27763903e-02 7.48614139e-02 7.76716632e-02 7.96841642e-02
 8.11346155e-02 8.29658101e-02 8.51233563e-02 8.59392352e-02
 8.89489215e-02 9.05625484e-02 9.15778643e-02 9.38441943e-02
 9.52583843e-02]"
True France,"[0.00000000e+00 2.98609494e-06 4.47914240e-06 4.47914240e-06
 4.47914240e-06 5.97218987e-06 7.46523734e-06 7.46523734e-06
 7.46523734e-06 8.95828481e-06 8.95828481e-06 8.95828481e-06
 8.95828481e-06 8.95828481e-06 8.95828481e-06 8.95828481e-06
 1.64235221e-05 1.64235221e-05 1.64235221e-05 1.64235221e-05
 1.64235221e-05 1.64235221e-05 1.64235221e-05 1.79165696e-05
 1.79165696e-05 1.79165696e-05 1.79165696e-05 1.79165696e-05
 1.79165696e-05 1.79165696e-05 1.79165696e-05 1.79165696e-05
 1.79165696e-05 2.09026645e-05 2.68748544e-05 5.67358038e-05
 8.51037057e-05 1.49304747e-04 1.94096171e-04 2.85172066e-04
 3.04581683e-04 4.29997671e-04 5.67358038e-04 9.79439139e-04
 1.43183252e-03 1.69610192e-03 1.82002486e-03 2.67852716e-03
 3.42355784e-03 3.42355784e-03 5.49590773e-03 6.71274141e-03
 6.76649112e-03 9.97803623e-03 1.15188612e-02 1.36225651e-02
 1.63787307e-02 1.90482996e-02 2.15939455e-02 2.42515700e-02
 3.00445942e-02 3.37757198e-02 3.82220152e-02 4.41210457e-02
 4.98707715e-02 5.68925738e-02 6.07789763e-02 6.74409541e-02
 7.88732186e-02 8.62219982e-02 8.94768417e-02 9.73496810e-02
 1.03766799e-01 1.06621506e-01 1.12490675e-01 1.18194117e-01
 1.24008044e-01 1.30441585e-01 1.36969189e-01 1.41634962e-01
 1.81721793e-01 1.87219194e-01 1.94641133e-01 1.99448746e-01
 2.18096909e-01 2.21096441e-01 2.21099427e-01 2.28452686e-01
 2.32009125e-01 2.36152332e-01 2.32885544e-01 2.36353893e-01
 2.38815929e-01 2.41342165e-01 2.42202160e-01 2.47790637e-01
 2.52404154e-01 2.48656604e-01 2.49785348e-01 2.49794307e-01
 2.51605373e-01 2.52213043e-01]"
True Georgia,"[0.00000000e+00 2.68344788e-05 2.68344788e-05 2.68344788e-05
 2.68344788e-05 8.05034363e-05 8.05034363e-05 8.05034363e-05
 8.05034363e-05 1.07337915e-04 1.07337915e-04 1.07337915e-04
 3.48848224e-04 4.02517181e-04 4.02517181e-04 6.44027490e-04
 6.44027490e-04 6.70861969e-04 8.05034363e-04 8.85537799e-04
 8.85537799e-04 9.12372278e-04 1.01971019e-03 1.07337915e-03
 1.15388259e-03 1.31488946e-03 1.44906185e-03 1.63690320e-03
 1.87841351e-03 2.01258591e-03 2.11992382e-03 2.22726174e-03
 2.41510309e-03 2.44193757e-03 2.76395131e-03 2.95179266e-03
 3.13963402e-03 3.59582015e-03 4.15934421e-03 4.34718556e-03
 4.66919930e-03 5.04488201e-03 5.25955784e-03 5.66207502e-03
 5.84991637e-03 6.27926803e-03 6.49394386e-03 6.89646104e-03
 7.29897822e-03 8.05034363e-03 8.21135050e-03 9.33839861e-03
 9.92875714e-03 1.04117778e-02 1.05727846e-02 1.07874605e-02
 1.09484673e-02 1.11631432e-02 1.14046535e-02 1.19145086e-02
 1.22365223e-02 1.30415567e-02 1.33367359e-02 1.37124186e-02
 1.38734255e-02 1.44637841e-02 1.51883150e-02 1.56176666e-02
 1.58055080e-02]"
True Germany,"[0.00000000e+00 1.20618849e-06 4.82475396e-06 4.82475396e-06
 4.82475396e-06 6.03094245e-06 9.64950792e-06 1.20618849e-05
 1.44742619e-05 1.44742619e-05 1.44742619e-05 1.44742619e-05
 1.56804504e-05 1.56804504e-05 1.68866389e-05 1.68866389e-05
 1.92990158e-05 1.92990158e-05 1.92990158e-05 1.92990158e-05
 1.92990158e-05 1.92990158e-05 1.92990158e-05 1.92990158e-05
 1.92990158e-05 1.92990158e-05 1.92990158e-05 1.92990158e-05
 1.92990158e-05 1.92990158e-05 2.05052043e-05 3.25670892e-05
 5.54846705e-05 5.78970475e-05 9.52888907e-05 1.56804504e-04
 1.91783970e-04 2.36412944e-04 3.16021384e-04 5.81382852e-04
 8.08146288e-04 9.63744603e-04 1.25443603e-03 1.41847766e-03
 1.75741663e-03 2.30140764e-03 2.50645968e-03 4.43274270e-03
 5.53037423e-03 6.98986230e-03 8.77140270e-03 1.11656869e-02
 1.48686855e-02 1.84788077e-02 2.39404291e-02 2.67930649e-02
 3.00015263e-02 3.50470128e-02 3.97873335e-02 4.50185730e-02
 5.29975099e-02 6.13600147e-02 6.95910449e-02 7.48982743e-02
 8.06759172e-02 8.66139831e-02 9.39283101e-02 1.02277547e-01
 1.09954937e-01 1.15905064e-01 1.20767210e-01 1.24688529e-01
 1.29861871e-01 1.36656331e-01 1.42548562e-01 1.47361254e-01
 1.50662592e-01 1.54216023e-01 1.56891349e-01 1.58443714e-01
 1.62537518e-01 1.66089743e-01 1.70551434e-01 1.72897471e-01
 1.75119270e-01 1.77388110e-01 1.78866897e-01 1.81709884e-01
 1.84702437e-01 1.86958010e-01 1.88784179e-01 1.90300358e-01
 1.91492072e-01 1.92884014e-01 1.94846482e-01 1.96619580e-01
 1.97907789e-01 1.98981297e-01 1.99822010e-01]"
True Greece,"[0.00000000e+00 9.31816560e-06 2.79544968e-05 3.72726624e-05
 3.72726624e-05 6.52271592e-05 6.52271592e-05 6.52271592e-05
 8.38634904e-05 2.88863133e-04 4.19317452e-04 4.28635617e-04
 6.80226089e-04 6.80226089e-04 8.29316738e-04 9.22498394e-04
 9.22498394e-04 1.77045146e-03 2.12454176e-03 3.08431281e-03
 3.08431281e-03 3.60613009e-03 3.89499322e-03 3.89499322e-03
 4.61249197e-03 4.93862777e-03 5.81453533e-03 6.47612509e-03
 6.92339704e-03 7.65021395e-03 8.31180371e-03 9.00134797e-03
 9.88657370e-03 1.07717994e-02 1.12936167e-02 1.22440696e-02
 1.31852043e-02 1.43872477e-02 1.50302011e-02 1.55892910e-02
 1.61670173e-02 1.63533806e-02 1.70708794e-02 1.75554240e-02
 1.82170137e-02 1.87388310e-02 1.93911026e-02 1.96986021e-02
 1.99874652e-02 2.02204193e-02 2.04254190e-02 2.05651915e-02
 2.07236003e-02 2.08261001e-02 2.08261001e-02 2.09192818e-02
 2.23729156e-02 2.24381428e-02 2.29506419e-02 2.32022323e-02
 2.33513230e-02 2.34538228e-02 2.36122316e-02 2.39104129e-02
 2.40035946e-02 2.41433671e-02 2.43390485e-02 2.44135939e-02
 2.44695029e-02]"
True Honduras,"[0.00000000e+00 2.08604476e-05 2.08604476e-05 2.08604476e-05
 2.08604476e-05 3.12906714e-05 6.25813427e-05 8.34417903e-05
 9.38720141e-05 1.25162685e-04 2.50325371e-04 2.50325371e-04
 2.71185818e-04 3.12906714e-04 3.12906714e-04 3.75488056e-04
 5.42371637e-04 7.09255217e-04 9.90871260e-04 1.14732462e-03
 1.44980111e-03 1.47066155e-03 1.79399849e-03 2.28421901e-03
 2.31550968e-03 2.75357908e-03 2.79529997e-03 3.10820669e-03
 3.18121825e-03 3.25422982e-03 3.57756676e-03 3.98434549e-03
 4.08864772e-03 4.09907795e-03 4.14079884e-03 4.24510108e-03
 4.37026377e-03 4.44327533e-03 4.61015891e-03 4.76661227e-03
 4.92306563e-03 4.97521675e-03 5.15253055e-03 5.31941413e-03
 5.41328614e-03 6.16426226e-03 6.53975031e-03 6.53975031e-03
 6.89437792e-03 7.32201710e-03 7.69750515e-03 8.04170254e-03
 8.38589992e-03 1.05345260e-02 1.10038861e-02]"
True Hungary,"[0.00000000e+00 2.04591776e-05 2.04591776e-05 2.04591776e-05
 4.09183552e-05 7.16071216e-05 9.20662992e-05 9.20662992e-05
 1.32984654e-04 1.32984654e-04 1.94362187e-04 3.06887664e-04
 3.27346842e-04 3.98953963e-04 5.11479440e-04 5.93316150e-04
 7.46759982e-04 8.69515048e-04 1.05364765e-03 1.34007613e-03
 1.70834133e-03 1.91293311e-03 2.31188707e-03 2.66992268e-03
 3.06887664e-03 3.50874896e-03 4.17367223e-03 4.57262619e-03
 5.03295769e-03 5.37053412e-03 5.98430945e-03 6.37303382e-03
 6.93566121e-03 7.49828859e-03 7.61081407e-03 8.35757405e-03
 9.15548198e-03 1.00249970e-02 1.21732107e-02 1.34007613e-02
 1.44237202e-02 1.49147405e-02 1.54671383e-02 1.61525207e-02
 1.68992807e-02 1.80347651e-02 1.87610659e-02 1.95998921e-02
 2.02955042e-02 2.14616773e-02 2.21777485e-02 2.33643808e-02
 2.49908854e-02 2.49908854e-02 2.55739720e-02 2.64230279e-02
 2.70981807e-02 2.78960887e-02 2.83871089e-02 2.92873127e-02
 3.00954502e-02 3.06683072e-02]"
True Iceland,"[0.00000000e+00 2.83510196e-04 2.83510196e-04 8.50530589e-04
 1.70106118e-03 3.11861216e-03 7.37126511e-03 9.63934668e-03
 1.21909384e-02 1.41755098e-02 1.41755098e-02 1.64435914e-02
 1.95622036e-02 2.40983667e-02 2.92015502e-02 3.79903663e-02
 4.42275906e-02 4.84802436e-02 5.10318354e-02 6.23722432e-02
 7.08775491e-02 9.35583648e-02 1.15955670e-01 1.34100323e-01
 1.61033792e-01 1.66703996e-01 1.83714607e-01 2.08947015e-01
 2.27375178e-01 2.52324075e-01 2.73020319e-01 2.89180400e-01
 3.07892073e-01 3.21784073e-01 3.45882440e-01 3.73949949e-01
 3.86707908e-01 4.01733948e-01 4.21296152e-01 4.42842927e-01
 4.49647172e-01 4.58152477e-01 4.67224804e-01 4.74879579e-01
 4.78848722e-01 4.82250844e-01 4.85085946e-01 4.87637538e-01
 4.89622109e-01 4.93024232e-01 4.97276885e-01 4.98977946e-01
 5.02096558e-01 5.02663578e-01 5.04081129e-01 5.06065701e-01
 5.07199741e-01 5.07199741e-01 5.07483252e-01 5.08050272e-01
 5.08050272e-01 5.08900803e-01 5.09467823e-01 5.09467823e-01
 5.09751333e-01 5.09751333e-01 5.10034843e-01]"
True Indonesia,"[0.00000000e+00 7.47207029e-07 7.47207029e-07 7.47207029e-07
 7.47207029e-07 1.49441406e-06 1.49441406e-06 2.24162109e-06
 7.09846677e-06 1.00872949e-05 1.27025195e-05 1.27025195e-05
 2.57786425e-05 3.58659374e-05 4.37116112e-05 5.00628709e-05
 6.42598045e-05 8.48079978e-05 1.16190693e-04 1.37859697e-04
 1.68121581e-04 1.92032206e-04 2.16316435e-04 2.56292011e-04
 2.95146776e-04 3.33627938e-04 3.90789276e-04 4.31512059e-04
 4.80080516e-04 5.28275369e-04 5.70866170e-04 6.26533094e-04
 6.68750291e-04 7.41976580e-04 7.81578552e-04 8.49200788e-04
 9.30646354e-04 1.02292642e-03 1.10437199e-03 1.23027637e-03
 1.31209554e-03 1.43538470e-03 1.58445250e-03 1.70251122e-03
 1.80786741e-03 1.91882765e-03 2.06079699e-03 2.21285362e-03
 2.33427476e-03 2.45644311e-03 2.52555976e-03 2.66566108e-03
 2.77139087e-03 2.90476732e-03 3.06765846e-03 3.21560545e-03
 3.31834642e-03 3.39829757e-03 3.55334303e-03 3.65047994e-03
 3.78012036e-03 3.94189068e-03 4.05098291e-03 4.18137053e-03]"
True Ireland,"[0.00000000e+00 2.05452335e-05 2.05452335e-05 2.05452335e-05
 4.10904670e-05 1.23271401e-04 1.23271401e-04 3.69814203e-04
 3.69814203e-04 3.90359437e-04 4.31449904e-04 6.98537940e-04
 8.83445041e-04 8.83445041e-04 1.84907102e-03 2.65033512e-03
 2.65033512e-03 3.47214446e-03 4.58158707e-03 5.99920819e-03
 1.14436951e-02 1.40323945e-02 1.61280083e-02 1.86139816e-02
 2.31133877e-02 2.73046153e-02 3.21327452e-02 3.73717798e-02
 4.35764403e-02 4.96167389e-02 5.37257856e-02 5.97866295e-02
 6.64638304e-02 7.08194199e-02 7.90786038e-02 8.77897828e-02
 9.45902551e-02 1.02602896e-01 1.10204633e-01 1.17292738e-01
 1.24791748e-01 1.35064365e-01 1.66190394e-01 1.83427845e-01
 1.98364230e-01 2.18745101e-01 2.35838736e-01 2.57781045e-01
 2.72655794e-01 2.87222365e-01 3.03206556e-01 3.13335356e-01
 3.21573995e-01 3.29545546e-01 3.42509588e-01 3.61739927e-01
 3.73594526e-01 3.81340079e-01 3.95742288e-01 4.03672748e-01
 4.08377607e-01 4.16102614e-01 4.23478353e-01 4.28018850e-01
 4.35065865e-01 4.41845792e-01]"
True Israel,"[0.00000000e+00 1.12577115e-05 1.12577115e-05 1.12577115e-05
 1.12577115e-05 1.12577115e-05 2.25154231e-05 3.37731346e-05
 4.50308461e-05 7.88039807e-05 1.12577115e-04 1.12577115e-04
 1.35092538e-04 1.68865673e-04 2.25154231e-04 4.16535327e-04
 4.84081596e-04 6.86720403e-04 6.86720403e-04 8.44328365e-04
 8.89359211e-04 1.12577115e-03 1.41847165e-03 1.74494529e-03
 2.39789256e-03 2.45418111e-03 2.81442788e-03 3.42234431e-03
 4.80704282e-03 5.95532940e-03 8.01549061e-03 9.94055928e-03
 1.20570091e-02 1.39370469e-02 2.66695186e-02 3.03170172e-02
 3.41671545e-02 4.07416580e-02 4.78115009e-02 5.28549556e-02
 6.03188184e-02 6.85819787e-02 7.71941280e-02 8.36222813e-02
 8.83842932e-02 9.49025082e-02 1.00238663e-01 1.04111316e-01
 1.05867519e-01 1.12216869e-01 1.17170262e-01 1.20941595e-01
 1.25467195e-01 1.30431846e-01 1.35610393e-01 1.40732652e-01
 1.43625884e-01 1.46147611e-01 1.49333543e-01 1.51877786e-01
 1.54376998e-01 1.56955014e-01 1.63214302e-01 1.66647904e-01
 1.69518620e-01 1.72220471e-01 1.73852839e-01 1.75113703e-01
 1.77061287e-01 1.78254604e-01 1.79515468e-01 1.81260413e-01
 1.82206061e-01 1.82464989e-01]"
True Italy,"[0.00000000e+00 3.31006578e-06 3.31006578e-06 3.31006578e-06
 3.31006578e-06 3.31006578e-06 3.31006578e-06 3.31006578e-06
 4.96509867e-06 4.96509867e-06 4.96509867e-06 4.96509867e-06
 4.96509867e-06 4.96509867e-06 4.96509867e-06 4.96509867e-06
 4.96509867e-06 4.96509867e-06 4.96509867e-06 4.96509867e-06
 4.96509867e-06 4.96509867e-06 3.31006578e-05 1.02612039e-04
 2.56530098e-04 3.79002532e-04 5.32920590e-04 7.49729899e-04
 1.08404654e-03 1.46966921e-03 1.86687710e-03 2.80362571e-03
 3.36964696e-03 4.14089229e-03 5.11239659e-03 6.38511689e-03
 7.67273247e-03 9.73655848e-03 1.22058676e-02 1.51799617e-02
 1.67969288e-02 2.06250199e-02 2.06250199e-02 2.92278808e-02
 3.50155308e-02 4.09570989e-02 4.63078202e-02 5.21434662e-02
 5.91061896e-02 6.79142746e-02 7.78213015e-02 8.86733521e-02
 9.78753350e-02 1.05801287e-01 1.14488555e-01 1.23111276e-01
 1.33377445e-01 1.43157035e-01 1.53044201e-01 1.61678508e-01
 1.68381391e-01 1.75089239e-01 1.83003607e-01 1.90729300e-01
 1.98317626e-01 2.06270059e-01 2.13413181e-01 2.19369644e-01
 2.24399289e-01 2.30747995e-01 2.37705754e-01 2.44244789e-01
 2.52013513e-01 2.58785908e-01 2.64004226e-01 2.68922984e-01
 2.73336957e-01 2.79602911e-01 2.85383941e-01 2.91161661e-01
 2.96204546e-01 2.99938300e-01 3.04454885e-01 3.10032346e-01
 3.14411563e-01 3.19411417e-01 3.23312330e-01 3.27158626e-01
 3.30036728e-01 3.33497402e-01 3.36949801e-01 3.40048022e-01
 3.43300162e-01 3.46444725e-01 3.48743565e-01]"
True Jordan,"[0.00000000e+00 1.00441834e-05 1.00441834e-05 1.00441834e-05
 1.00441834e-05 1.00441834e-05 1.00441834e-05 1.00441834e-05
 1.00441834e-05 1.00441834e-05 1.00441834e-05 1.00441834e-05
 1.00441834e-05 8.03534669e-05 1.70751117e-04 3.41502234e-04
 5.22297535e-04 6.93048652e-04 8.53755585e-04 8.53755585e-04
 1.12494854e-03 1.27561129e-03 1.54680424e-03 1.72759954e-03
 2.12936687e-03 2.36038309e-03 2.47086911e-03 2.60144349e-03
 2.69184114e-03 2.75210624e-03 2.79228297e-03 3.00321082e-03
 3.11369684e-03 3.24427122e-03 3.46524326e-03 3.50541999e-03
 3.54559673e-03 3.59581764e-03 3.73643621e-03 3.73643621e-03
 3.82683386e-03 3.90718733e-03 3.92727569e-03 3.98754079e-03
 4.02771753e-03 4.03776171e-03 4.08798263e-03 4.14824773e-03
 4.18842446e-03 4.26877793e-03 4.29891048e-03 4.36921976e-03
 4.38930813e-03 4.42948486e-03 4.45961741e-03 4.48974996e-03
 4.50983833e-03 4.50983833e-03 4.52992669e-03 4.55001506e-03
 4.61028016e-03 4.62032434e-03 4.63036853e-03]"
True Kazakhstan,"[0.00000000e+00 2.18909034e-05 3.28363551e-05 4.92545326e-05
 5.47272585e-05 1.80599953e-04 1.91545405e-04 2.40799937e-04
 2.68163567e-04 2.90054470e-04 3.28363551e-04 3.39309003e-04
 3.94036261e-04 4.43290794e-04 6.07472569e-04 8.20908877e-04
 1.24778149e-03 1.55425414e-03 1.65276321e-03 1.87714497e-03
 2.07963582e-03 2.38063574e-03 2.53934479e-03 2.90601743e-03
 3.19607190e-03 3.62294451e-03 3.81448992e-03 3.97867169e-03
 4.27419889e-03 4.44385339e-03 4.73390786e-03 5.20456228e-03
 5.97074390e-03 6.74239825e-03 7.08717998e-03 7.67276164e-03
 8.46083416e-03 8.83845225e-03 9.17228852e-03 1.01354883e-02
 1.09180881e-02 1.16842697e-02 1.25270695e-02 1.35833056e-02
 1.42345599e-02 1.48693961e-02 1.55151778e-02 1.65659411e-02
 1.71734137e-02 1.86182133e-02 1.96853949e-02 2.11083036e-02
 2.14530853e-02]"
True Latvia,"[0.00000000e+00 5.18894506e-05 5.18894506e-05 5.18894506e-05
 5.18894506e-05 5.18894506e-05 5.18894506e-05 1.03778901e-04
 3.11336703e-04 4.15115605e-04 5.18894506e-04 5.18894506e-04
 8.82120660e-04 1.34912571e-03 1.55668352e-03 1.76424132e-03
 2.54258308e-03 3.68415099e-03 4.46249275e-03 5.75972901e-03
 6.43429187e-03 7.21263363e-03 9.34010110e-03 1.02222218e-02
 1.14675686e-02 1.26610259e-02 1.45290462e-02 1.58262824e-02
 1.80056393e-02 1.95104334e-02 2.06520013e-02 2.31426950e-02
 2.37653684e-02 2.55814991e-02 2.64117303e-02 2.76570772e-02
 2.81240822e-02 2.84354189e-02 2.99402130e-02 3.05628864e-02
 3.17563437e-02 3.26903539e-02 3.37800323e-02 3.39875901e-02
 3.40913690e-02 3.45583741e-02 3.50253791e-02 3.53886053e-02
 3.69452888e-02 3.77236306e-02 3.83463040e-02 3.88133090e-02
 3.94878719e-02 4.03699925e-02 4.06813292e-02 4.17191183e-02
 4.21342339e-02 4.24455706e-02 4.33795807e-02 4.40541435e-02
 4.45211486e-02 4.51438220e-02 4.51957114e-02 4.56108270e-02]"
True Lithuania,"[0.00000000e+00 3.56946154e-05 3.56946154e-05 3.56946154e-05
 3.56946154e-05 3.56946154e-05 3.56946154e-05 3.56946154e-05
 3.56946154e-05 3.56946154e-05 3.56946154e-05 3.56946154e-05
 3.56946154e-05 1.07083846e-04 1.07083846e-04 2.14167693e-04
 2.85556923e-04 4.28335385e-04 6.06808462e-04 8.92365386e-04
 9.63754617e-04 1.28500616e-03 1.74903616e-03 2.96265308e-03
 5.10433001e-03 6.38933616e-03 7.46017463e-03 9.78032463e-03
 1.06726900e-02 1.27786723e-02 1.40636785e-02 1.64195231e-02
 1.75260562e-02 1.91680085e-02 2.07385716e-02 2.31658054e-02
 2.48434523e-02 2.75205485e-02 2.89483331e-02 3.00905608e-02
 3.14112616e-02 3.25534893e-02 3.40883577e-02 3.56589208e-02
 3.66226754e-02 3.75864300e-02 3.79076816e-02 3.81932385e-02
 3.89428254e-02 4.02635262e-02 4.10131131e-02 4.42256285e-02
 4.63316108e-02 4.73310601e-02 4.81877308e-02 4.89016231e-02
 4.99010724e-02 5.03294078e-02 5.09005216e-02 5.13288570e-02
 5.17214978e-02 4.79735631e-02 4.90800962e-02 4.94370424e-02
 4.99367670e-02 5.01866293e-02 5.03294078e-02]"
True Luxembourg,"[0.00000000e+00 1.64487211e-04 1.64487211e-04 1.64487211e-04
 1.64487211e-04 1.64487211e-04 1.64487211e-04 3.28974422e-04
 3.28974422e-04 4.93461633e-04 4.93461633e-04 8.22436056e-04
 1.15141048e-03 3.12525701e-03 5.59256518e-03 8.38884777e-03
 9.70474546e-03 1.26655153e-02 2.30282096e-02 3.33909039e-02
 5.51032157e-02 7.96118102e-02 1.10206431e-01 1.31260794e-01
 1.43926310e-01 1.80771445e-01 2.19261452e-01 2.38999918e-01
 2.64001974e-01 3.01176084e-01 3.20750062e-01 3.27000576e-01
 3.58253146e-01 3.81445843e-01 4.09079694e-01 4.29640595e-01
 4.48885599e-01 4.61222140e-01 4.67637141e-01 4.88527017e-01
 4.99054199e-01 5.12377663e-01 5.30142281e-01 5.37873180e-01
 5.39682540e-01 5.41491899e-01 5.43959207e-01 5.54815363e-01
 5.66493955e-01 5.72415495e-01 5.81791266e-01 5.83929599e-01
 5.85245497e-01 5.95114730e-01 6.01036269e-01 6.02845629e-01
 6.07780245e-01 6.10412040e-01 6.12385887e-01 6.13372810e-01
 6.15346657e-01 6.19952299e-01 6.22419607e-01 6.25380377e-01
 6.27025249e-01 6.28999095e-01]"
True Madagascar,"[0.00000000e+00 1.14231893e-05 1.14231893e-05 1.14231893e-05
 4.56927570e-05 6.47314058e-05 7.23468653e-05 8.75777843e-05
 9.90009736e-05 9.90009736e-05 1.48501460e-04 1.63732379e-04
 2.17040596e-04 2.17040596e-04 2.24656055e-04 2.66541083e-04
 2.66541083e-04 2.74156542e-04 3.12233840e-04 3.35080218e-04
 3.54118867e-04 3.54118867e-04 3.54118867e-04 3.88388435e-04
 4.03619354e-04 4.03619354e-04 4.11234813e-04 4.18850273e-04
 4.22658003e-04 4.45504381e-04 4.56927570e-04 4.60735300e-04
 4.60735300e-04 4.60735300e-04 4.60735300e-04 4.60735300e-04
 4.64543030e-04 4.68350760e-04 4.72158489e-04 4.87389408e-04
 4.87389408e-04 4.87389408e-04 4.87389408e-04 5.02620327e-04
 5.14043517e-04 5.67351733e-04]"
True Malta,"[0.         0.00061903 0.00061903 0.00061903 0.00103171 0.00123806
 0.00123806 0.00247612 0.00371417 0.0043332  0.00619029 0.00784103
 0.00784103 0.01093618 0.01320595 0.01506304 0.01857087 0.0220787
 0.02269773 0.02661824 0.02764996 0.02868167 0.0307451  0.03115779
 0.03218951 0.03487196 0.03879248 0.04044322 0.04168128 0.04395106
 0.04683986 0.04972866 0.06045849 0.06169655 0.06953759 0.07222004
 0.0763469  0.07799765 0.07923571 0.08109279 0.08233085 0.08501331
 0.08707674 0.08790211 0.08810845 0.08893383 0.09140994 0.09161628
 0.09182263 0.09223531 0.09244166 0.09244166 0.09285434 0.09450509
 0.0955368  0.09594949 0.09636217 0.09656852 0.0984256 ]"
True Mexico,"[0.00000000e+00 7.92450872e-07 3.16980349e-06 3.96225436e-06
 3.96225436e-06 3.96225436e-06 3.96225436e-06 3.96225436e-06
 4.75470523e-06 4.75470523e-06 5.54715610e-06 5.54715610e-06
 5.54715610e-06 6.33960698e-06 9.50941047e-06 2.06037227e-05
 3.24904858e-05 4.19998962e-05 6.49809715e-05 7.36979311e-05
 9.35092029e-05 1.29961943e-04 1.60867527e-04 1.98905169e-04
 2.50414476e-04 2.90829470e-04 3.20942603e-04 3.76414164e-04
 4.63583760e-04 5.68187275e-04 6.71998340e-04 7.86903716e-04
 8.66941254e-04 9.62827810e-04 1.09199730e-03 1.19660082e-03
 1.33765707e-03 1.49773215e-03 1.69822222e-03 1.93278768e-03
 2.20697568e-03 2.52078622e-03 2.72682345e-03 3.04618115e-03
 3.34335023e-03 3.69361351e-03 3.97334867e-03 4.27844226e-03
 4.63346025e-03 4.99006314e-03 5.44809975e-03 5.94100419e-03
 6.54643665e-03 6.95137905e-03 7.52907574e-03 8.35560200e-03
 9.21858099e-03 1.02004276e-02 1.09691050e-02 1.16308014e-02
 1.23059696e-02 1.32751370e-02 1.41048331e-02 1.52340756e-02
 1.64346386e-02 1.75036549e-02 1.85996144e-02]"
True Moldova,"[0.00000000e+00 3.69542458e-05 3.69542458e-05 1.10862738e-04
 1.10862738e-04 1.10862738e-04 2.21725475e-04 4.43450950e-04
 8.49947654e-04 8.49947654e-04 1.10862738e-03 1.10862738e-03
 1.81075805e-03 2.43898023e-03 2.95633967e-03 3.47369911e-03
 4.02801280e-03 4.61928073e-03 5.50618263e-03 6.54090151e-03
 7.35389492e-03 8.53643079e-03 9.71896666e-03 1.10123653e-02
 1.30448488e-02 1.56316460e-02 1.86618941e-02 2.18399593e-02
 2.77895929e-02 3.19284684e-02 3.56608472e-02 3.90236836e-02
 4.33842846e-02 4.76340229e-02 5.31402055e-02 5.76486235e-02
 6.14179566e-02 6.32656689e-02 7.14695115e-02 7.57192497e-02
 7.95994455e-02 8.36644126e-02 8.78771966e-02 9.13508957e-02
 9.41594184e-02 9.65983986e-02 1.02658895e-01 1.08128123e-01
 1.14927705e-01 1.22096828e-01 1.25940070e-01 1.28637730e-01
 1.34439546e-01 1.39354461e-01 1.44010696e-01 1.47077898e-01
 1.49738604e-01 1.52288447e-01]"
True Mongolia,"[0.00000000e+00 3.15436716e-05 3.15436716e-05 3.15436716e-05
 3.15436716e-05 3.15436716e-05 3.15436716e-05 3.15436716e-05
 1.57718358e-04 1.89262029e-04 1.89262029e-04 1.89262029e-04
 3.15436716e-04 3.15436716e-04 3.15436716e-04 3.15436716e-04
 3.15436716e-04 3.46980387e-04 3.46980387e-04 3.78524059e-04
 3.78524059e-04 3.78524059e-04 3.78524059e-04 4.41611402e-04
 4.41611402e-04 4.41611402e-04 4.41611402e-04 4.41611402e-04
 4.73155074e-04 4.73155074e-04 5.04698745e-04 5.04698745e-04
 5.04698745e-04 5.04698745e-04 5.04698745e-04 5.36242417e-04
 9.46310147e-04 9.46310147e-04 9.77853819e-04 9.77853819e-04
 9.77853819e-04 1.00939749e-03 1.04094116e-03 1.07248483e-03
 1.10402851e-03 1.13557218e-03 1.16711585e-03 1.16711585e-03
 1.19865952e-03 1.19865952e-03 1.19865952e-03 1.19865952e-03
 1.19865952e-03 1.19865952e-03 1.23020319e-03 1.23020319e-03]"
True Norway,"[0.00000000e+00 1.88255989e-05 1.88255989e-05 1.12953593e-04
 2.82383983e-04 3.57686379e-04 4.70639972e-04 6.02419165e-04
 1.05423354e-03 1.63782710e-03 2.03316468e-03 2.76736304e-03
 3.31330541e-03 3.85924777e-03 7.53023956e-03 1.12577081e-02
 1.32155704e-02 1.87502965e-02 2.05199028e-02 2.29860563e-02
 2.50945233e-02 2.75418512e-02 2.91796783e-02 3.28694957e-02
 3.60321963e-02 3.98726185e-02 4.48990534e-02 4.93418947e-02
 5.38976896e-02 5.80581470e-02 6.34234427e-02 7.06901239e-02
 7.55847796e-02 8.06488657e-02 8.36797871e-02 8.73696045e-02
 9.15488874e-02 9.68953575e-02 1.01093466e-01 1.04482074e-01
 1.07061181e-01 1.10412138e-01 1.14572595e-01 1.14572595e-01
 1.16925795e-01 1.18864831e-01 1.20653263e-01 1.22837033e-01
 1.24305430e-01 1.24681942e-01 1.26884537e-01 1.29821330e-01
 1.30593180e-01 1.32456914e-01 1.33247589e-01 1.34715986e-01
 1.35374882e-01 1.38142245e-01 1.39328257e-01 1.40495445e-01
 1.41173166e-01 1.41700283e-01 1.43055726e-01 1.44204088e-01
 1.45145368e-01 1.45672484e-01 1.46519636e-01 1.47009102e-01
 1.47724475e-01]"
True Pakistan,"[0.00000000e+00 9.42440316e-07 9.42440316e-07 9.42440316e-07
 1.88488063e-06 1.88488063e-06 1.88488063e-06 2.35610079e-06
 2.35610079e-06 2.35610079e-06 2.82732095e-06 2.82732095e-06
 2.82732095e-06 2.82732095e-06 7.53952253e-06 8.95318300e-06
 9.42440316e-06 1.31941644e-05 1.46078249e-05 2.49746684e-05
 6.40859415e-05 1.11207957e-04 1.40894827e-04 2.13933952e-04
 2.36081299e-04 3.43990715e-04 3.65666843e-04 4.12317638e-04
 4.58025994e-04 5.00907028e-04 5.65935410e-04 6.46985277e-04
 7.04474136e-04 7.52538593e-04 8.09085012e-04 9.13224667e-04
 9.98044295e-04 1.14082400e-03 1.26569734e-03 1.32789841e-03
 1.48764204e-03 1.77461512e-03 1.90137334e-03 2.00881153e-03
 2.11530729e-03 2.21237864e-03 2.36128421e-03 2.46448143e-03
 2.58982599e-03 2.75051206e-03 3.00779827e-03 3.26037227e-03
 3.31032161e-03 3.59917957e-03 3.93374588e-03 3.96673129e-03
 4.50722081e-03 4.74801431e-03 5.25646086e-03 5.62636869e-03
 5.99533407e-03 6.28042227e-03 6.55702850e-03 6.88546895e-03
 7.31569296e-03 7.92450940e-03 8.53568194e-03 9.00171868e-03
 9.46398566e-03]"
True Paraguay,"[0.00000000e+00 1.43759315e-05 1.43759315e-05 1.43759315e-05
 7.18796574e-05 7.18796574e-05 8.62555888e-05 8.62555888e-05
 8.62555888e-05 1.15007452e-04 1.29383383e-04 1.58135246e-04
 1.58135246e-04 1.86887109e-04 2.58766766e-04 3.16270492e-04
 3.16270492e-04 3.88150150e-04 5.31909464e-04 5.89413190e-04
 7.47548436e-04 8.05052162e-04 8.48179957e-04 9.20059614e-04
 9.34435546e-04 9.91939271e-04 1.10694672e-03 1.32258570e-03
 1.38008942e-03 1.49509687e-03 1.62448026e-03 1.65323212e-03
 1.71073584e-03 1.78261550e-03 1.85449516e-03 1.91199889e-03
 1.92637482e-03 2.11326193e-03 2.28577310e-03 2.31452497e-03
 2.50141208e-03 2.86081036e-03 2.90393816e-03 2.96144188e-03
 2.99019375e-03 2.99019375e-03 3.06207340e-03 3.06207340e-03
 3.20583272e-03 3.27771238e-03 3.27771238e-03 3.27771238e-03
 3.43584762e-03 3.43584762e-03 3.82399777e-03 4.78718518e-03
 5.31909464e-03 5.69286886e-03]"
True Peru,"[0.00000000e+00 3.12604957e-06 3.12604957e-06 1.87562974e-05
 2.18823470e-05 3.43865453e-05 3.43865453e-05 4.68907436e-05
 8.75293880e-05 1.18789884e-04 1.34420132e-04 2.68840263e-04
 3.65747800e-04 4.53277188e-04 7.31495600e-04 7.31495600e-04
 9.94083764e-04 1.13475599e-03 1.23478958e-03 1.30043662e-03
 1.50050379e-03 1.81310875e-03 1.98504148e-03 2.09757926e-03
 2.66339423e-03 2.96974709e-03 3.32924279e-03 4.13576358e-03
 4.42023409e-03 4.98604907e-03 5.45808255e-03 7.13051907e-03
 8.00581295e-03 9.23435043e-03 1.35733072e-02 1.64305165e-02
 1.84343143e-02 2.14071875e-02 2.35047667e-02 3.05852690e-02
 3.22076887e-02 3.58714188e-02 3.90474852e-02 4.21672827e-02
 4.50776348e-02 4.88539027e-02 5.10327592e-02 5.57593462e-02
 6.01764542e-02 6.53782007e-02 6.76727211e-02 7.91859617e-02
 8.60195060e-02 8.97144966e-02 9.75014861e-02 1.06069988e-01
 1.15588809e-01 1.26476840e-01 1.32963392e-01 1.43573205e-01]"
True Poland,"[0.00000000e+00 2.63332873e-06 2.63332873e-06 1.31666436e-05
 1.31666436e-05 2.89666160e-05 4.21332596e-05 5.79332320e-05
 8.16331905e-05 1.29033108e-04 1.79066353e-04 2.71232859e-04
 3.13366118e-04 4.66099184e-04 6.26732237e-04 6.60965510e-04
 9.34831697e-04 1.11916471e-03 1.41146420e-03 1.66953041e-03
 1.97236322e-03 2.37262918e-03 2.76762849e-03 3.21529437e-03
 3.65769360e-03 4.31339245e-03 4.90325809e-03 5.41149053e-03
 6.08562268e-03 6.72552156e-03 7.75778642e-03 8.90855108e-03
 9.55108329e-03 1.08019144e-02 1.16208797e-02 1.27663777e-02
 1.37064760e-02 1.46808076e-02 1.56814726e-02 1.67374374e-02
 1.75748359e-02 1.82595014e-02 1.89652335e-02 1.99658984e-02
 2.08506968e-02 2.20646614e-02 2.30205597e-02 2.44557239e-02
 2.52615225e-02 2.59540879e-02 2.67783198e-02 2.76789182e-02
 2.86822165e-02 2.96855147e-02 3.05913798e-02 3.13418785e-02
 3.21740104e-02 3.32852751e-02 3.39093740e-02 3.45097729e-02
 3.52207717e-02 3.60581702e-02]"
True Portugal,"[0.00000000e+00 1.94480223e-05 1.94480223e-05 4.86200559e-05
 7.77920894e-05 1.26412145e-04 1.94480223e-04 2.91720335e-04
 2.91720335e-04 3.98684458e-04 5.73716659e-04 5.73716659e-04
 1.08908925e-03 1.64335789e-03 2.38238274e-03 3.21864770e-03
 4.35635700e-03 4.35635700e-03 7.63334877e-03 9.91849139e-03
 1.24467343e-02 1.55584179e-02 2.00314630e-02 2.29681144e-02
 2.91234135e-02 3.44618956e-02 4.15020797e-02 5.02731377e-02
 5.79745546e-02 6.23114636e-02 7.23758151e-02 8.02328162e-02
 8.78467169e-02 9.61315744e-02 1.02335494e-01 1.09667398e-01
 1.14062651e-01 1.20986147e-01 1.27783231e-01 1.35708300e-01
 1.50449901e-01 1.55457767e-01 1.61272725e-01 1.64666405e-01
 1.69664547e-01 1.75917086e-01 1.83210094e-01 1.84970140e-01
 1.91417160e-01 1.96483370e-01 2.02872045e-01 2.07889635e-01
 2.13753214e-01 2.17360822e-01 2.21678283e-01 2.27464069e-01
 2.32053803e-01 2.33638816e-01 2.36507400e-01 2.38286894e-01
 2.43537860e-01 2.46513407e-01 2.44947841e-01 2.45842450e-01]"
True Romania,"[0.00000000e+00 5.13712397e-06 5.13712397e-06 1.54113719e-05
 1.54113719e-05 1.54113719e-05 1.54113719e-05 1.54113719e-05
 2.05484959e-05 3.08227438e-05 4.62341157e-05 4.62341157e-05
 7.70568595e-05 7.70568595e-05 1.28428099e-04 2.31170578e-04
 2.51719074e-04 4.57204033e-04 6.31866248e-04 6.72963240e-04
 8.11665587e-04 9.45230810e-04 1.33565223e-03 1.42298334e-03
 1.58223418e-03 1.88532450e-03 2.22437468e-03 2.95898340e-03
 4.07887643e-03 4.65423431e-03 5.28610056e-03 6.63716416e-03
 7.45910400e-03 9.32388000e-03 1.08341944e-02 1.15328433e-02
 1.26373250e-02 1.40654454e-02 1.63514656e-02 1.85604289e-02
 1.98498470e-02 2.08413119e-02 2.26906766e-02 2.44578472e-02
 2.67233189e-02 2.80846567e-02 3.07713726e-02 3.23638810e-02
 3.40745433e-02 3.53382758e-02 3.70694865e-02 3.95918144e-02
 4.14411790e-02 4.32443095e-02 4.49292862e-02 4.59053398e-02
 4.74772997e-02 4.98814737e-02 5.18644036e-02 5.35134204e-02
 5.46333134e-02 5.66933001e-02 5.82498486e-02 5.96728320e-02
 6.15324709e-02 6.28783973e-02 6.45582369e-02 6.54058623e-02
 6.76199628e-02]"
True Slovenia,"[0.00000000e+00 9.64369442e-05 3.37529305e-04 3.37529305e-04
 7.71495554e-04 7.71495554e-04 1.49477264e-03 2.74845291e-03
 4.29144402e-03 6.79880457e-03 8.72754345e-03 1.05598454e-02
 1.21992734e-02 1.32600798e-02 1.32600798e-02 1.37904830e-02
 1.64424990e-02 1.84676748e-02 1.99624475e-02 2.13125647e-02
 2.31448666e-02 2.54593533e-02 2.70987813e-02 3.04740744e-02
 3.29814349e-02 3.51994846e-02 3.64531649e-02 3.86712146e-02
 4.05517350e-02 4.32519695e-02 4.50360530e-02 4.71094473e-02
 4.80738167e-02 4.92310600e-02 5.10633620e-02 5.26063531e-02
 5.41975627e-02 5.59334276e-02 5.72835449e-02 5.81032589e-02
 5.84407882e-02 5.88265360e-02 6.01766532e-02 6.11410226e-02
 6.28768876e-02 6.35037278e-02 6.41305679e-02 6.43716603e-02
 6.48056265e-02 6.52395928e-02 6.58664329e-02 6.62039622e-02
 6.69272393e-02 6.73129871e-02 6.76022979e-02 6.78916087e-02
 6.83737935e-02 6.89041966e-02 6.91452890e-02 6.93863814e-02
 6.93863814e-02]"
True Spain,"[0.00000000e+00 2.13691012e-06 2.13691012e-06 2.13691012e-06
 2.13691012e-06 2.13691012e-06 2.13691012e-06 2.13691012e-06
 2.13691012e-06 4.27382024e-06 4.27382024e-06 4.27382024e-06
 4.27382024e-06 4.27382024e-06 4.27382024e-06 4.27382024e-06
 4.27382024e-06 4.27382024e-06 4.27382024e-06 4.27382024e-06
 4.27382024e-06 4.27382024e-06 4.27382024e-06 4.27382024e-06
 4.27382024e-06 1.28214607e-05 2.77798316e-05 3.20536518e-05
 6.83811239e-05 9.61609555e-05 1.79500450e-04 2.56429215e-04
 3.52590170e-04 4.74394047e-04 5.53459722e-04 8.54764049e-04
 1.06845506e-03 1.43814051e-03 2.29290456e-03 3.62206266e-03
 4.86574435e-03 4.86574435e-03 1.11803138e-02 1.36569926e-02
 1.66636251e-02 2.12451604e-02 2.51044201e-02 2.97244198e-02
 3.83853165e-02 4.36143356e-02 5.42219574e-02 6.14746304e-02
 7.50824740e-02 8.52306602e-02 1.05809105e-01 1.23483488e-01
 1.40435596e-01 1.56496613e-01 1.71187870e-01 1.87954067e-01
 2.04978830e-01 2.22490808e-01 2.39472833e-01 2.54717550e-01
 2.69609676e-01 2.81315670e-01 2.92062191e-01 3.03317297e-01
 3.16732818e-01 3.27421643e-01 3.38215176e-01 3.48374046e-01
 3.56502853e-01 3.63486275e-01 3.68704609e-01 3.79609262e-01
 3.95217253e-01 4.07805791e-01 4.09701230e-01 4.24548482e-01
 4.27830776e-01 4.36310035e-01 4.45308563e-01 4.55213142e-01
 4.33771386e-01 4.40000479e-01 4.43695196e-01 4.47607879e-01
 4.50402957e-01 4.54984492e-01 4.56091412e-01 4.56091412e-01
 4.62816268e-01 4.64705297e-01]"
True Sweden,"[0.00000000e+00 9.82780313e-06 9.82780313e-06 9.82780313e-06
 9.82780313e-06 9.82780313e-06 9.82780313e-06 9.82780313e-06
 9.82780313e-06 9.82780313e-06 9.82780313e-06 9.82780313e-06
 9.82780313e-06 9.82780313e-06 9.82780313e-06 9.82780313e-06
 9.82780313e-06 9.82780313e-06 9.82780313e-06 9.82780313e-06
 9.82780313e-06 9.82780313e-06 9.82780313e-06 9.82780313e-06
 9.82780313e-06 9.82780313e-06 9.82780313e-06 1.96556063e-05
 6.87946219e-05 6.87946219e-05 1.17933638e-04 1.37589244e-04
 1.47417047e-04 2.06383866e-04 3.43973110e-04 9.23813494e-04
 9.92608116e-04 1.58227630e-03 1.99504404e-03 2.43729518e-03
 3.48887011e-03 4.91390157e-03 5.88685408e-03 7.99983175e-03
 9.44451881e-03 1.00440148e-02 1.08400669e-02 1.16950857e-02
 1.25697602e-02 1.41422087e-02 1.61077693e-02 1.73264169e-02
 1.90069713e-02 2.01076852e-02 2.24663580e-02 2.48250307e-02
 2.79109609e-02 3.01615278e-02 3.38764374e-02 3.63628716e-02
 3.95863910e-02 4.35863069e-02 4.86181421e-02 5.47212078e-02
 6.02542610e-02 6.33205356e-02 6.71238954e-02 7.08191494e-02
 7.56052895e-02 8.27402746e-02 8.98359484e-02 9.51822733e-02
 9.97620296e-02 1.03024860e-01 1.07594789e-01 1.12479207e-01
 1.17216208e-01 1.23240651e-01 1.29884246e-01 1.35839895e-01
 1.41372948e-01 1.45225447e-01 1.50581600e-01 1.57284161e-01
 1.64664841e-01 1.72645018e-01 1.78639977e-01 1.83190250e-01
 1.86001002e-01 1.92831325e-01 1.99524059e-01 2.07288024e-01
 2.11494323e-01 2.17017549e-01 2.19327082e-01]"
True Switzerland,"[0.00000000e+00 1.17464271e-05 1.17464271e-05 9.39714165e-05
 9.39714165e-05 2.11435687e-04 3.17153531e-04 4.93349937e-04
 6.57799915e-04 1.05717844e-03 1.33909268e-03 2.51373539e-03
 3.14804245e-03 3.95854592e-03 4.39316372e-03 5.76749569e-03
 7.65867044e-03 7.65867044e-03 1.33791804e-02 1.59633944e-02
 2.58421395e-02 2.58421395e-02 3.17153531e-02 3.55681811e-02
 4.78666903e-02 6.21855849e-02 7.72327579e-02 8.77927958e-02
 1.03309826e-01 1.16019460e-01 1.28000816e-01 1.38737050e-01
 1.51857809e-01 1.65342707e-01 1.74187767e-01 1.87026612e-01
 1.95049421e-01 2.08710516e-01 2.21149982e-01 2.30300449e-01
 2.40860487e-01 2.47849611e-01 2.54392371e-01 2.61393241e-01
 2.73456822e-01 2.82513317e-01 2.88386531e-01 2.94917544e-01
 2.98535444e-01 3.01742218e-01 3.04655332e-01 3.09353903e-01
 3.14005488e-01 3.18069752e-01 3.21899087e-01 3.25845887e-01
 3.28242158e-01 3.29639983e-01 3.32048000e-01 3.34726185e-01
 3.36852289e-01 3.39401263e-01 3.41362917e-01 3.42572799e-01
 3.43747441e-01 3.45427181e-01 3.47529791e-01 3.48927616e-01
 3.50243216e-01 3.51276901e-01]"
True Thailand,[]
True Tunisia,"[0.00000000e+00 8.64662655e-06 8.64662655e-06 8.64662655e-06
 8.64662655e-06 1.72932531e-05 1.72932531e-05 4.32331328e-05
 6.05263859e-05 6.05263859e-05 1.38346025e-04 1.55639278e-04
 1.55639278e-04 1.72932531e-04 2.07519037e-04 2.50752170e-04
 3.37218436e-04 4.66917834e-04 5.18797593e-04 6.48496991e-04
 7.69549763e-04 9.85715427e-04 1.49586639e-03 1.70338543e-03
 1.96278423e-03 2.40376218e-03 2.69774748e-03 2.69774748e-03
 3.40677086e-03 3.65752303e-03 3.93421508e-03 4.28008014e-03
 4.78158448e-03 4.96316364e-03 5.15338943e-03 5.38684834e-03
 5.43008148e-03 5.55978087e-03 5.80188642e-03 5.92293919e-03
 6.11316497e-03 6.27745088e-03 6.45903004e-03 6.74436871e-03
 7.10752703e-03 7.47068534e-03 7.47068534e-03 7.60038474e-03
 7.64361787e-03 7.64361787e-03 7.85978354e-03 7.93760318e-03
 7.97218968e-03 8.11918233e-03 8.20564860e-03 8.36128788e-03
 8.43046089e-03 8.47369402e-03 8.59474679e-03 8.62933330e-03
 8.72444619e-03 8.75903270e-03]"
True Turkey,"[0.00000000e+00 1.21477570e-06 1.21477570e-06 6.07387848e-06
 6.07387848e-06 7.28865417e-06 2.18659625e-05 5.70944577e-05
 1.19048018e-04 2.33236934e-04 4.36104475e-04 8.13899716e-04
 1.50146276e-03 1.85739204e-03 2.27406010e-03 2.95554927e-03
 4.40842100e-03 6.92179191e-03 8.99176970e-03 1.11965876e-02
 1.31523765e-02 1.64371299e-02 1.90464681e-02 2.20299572e-02
 2.54143223e-02 2.90744415e-02 3.28827633e-02 3.67068772e-02
 4.14347842e-02 4.64360157e-02 5.13631460e-02 5.71296862e-02
 6.33712037e-02 6.91887645e-02 7.41608415e-02 7.90952603e-02
 8.42957151e-02 9.01278532e-02 9.54157718e-02 1.00011268e-01
 1.04842431e-01 1.10520293e-01 1.16121624e-01 1.19866777e-01
 1.23652018e-01 1.27444548e-01 1.30920021e-01 1.33783247e-01
 1.36371934e-01 1.39277678e-01 1.42844259e-01 1.46020898e-01
 1.48678827e-01 1.51087727e-01 1.53116403e-01]"
True United States,[]
True Ukraine,"[0.00000000e+00 2.24102110e-06 2.24102110e-06 2.24102110e-06
 2.24102110e-06 2.24102110e-06 2.24102110e-06 2.24102110e-06
 2.24102110e-06 2.24102110e-06 2.24102110e-06 6.72306331e-06
 6.72306331e-06 6.72306331e-06 1.56871477e-05 3.13742954e-05
 3.13742954e-05 3.58563376e-05 6.49896120e-05 1.05327992e-04
 1.63594540e-04 1.63594540e-04 2.17379047e-04 3.24948060e-04
 4.39240136e-04 6.94716542e-04 7.97803512e-04 1.06448502e-03
 1.22807956e-03 1.44545861e-03 1.77937076e-03 2.01019593e-03
 2.40237462e-03 2.74525085e-03 2.93125560e-03 2.95590683e-03
 3.27637285e-03 3.73802320e-03 4.24001193e-03 4.93696949e-03
 5.62720399e-03 6.22331560e-03 6.95164746e-03 7.55672316e-03
 8.43520343e-03 9.32488881e-03 1.04476404e-02 1.14426537e-02
 1.22113240e-02 1.27962305e-02 1.37262543e-02 1.47728111e-02
 1.60681213e-02 1.71370884e-02 1.82082965e-02 1.93108788e-02
 2.01893591e-02 2.10880086e-02 2.21099142e-02 2.33200656e-02
 2.43397302e-02 2.55722918e-02 2.66972844e-02]"
True United Kingdom,"[0.00000000e+00 3.00931334e-06 3.00931334e-06 3.00931334e-06
 3.00931334e-06 3.00931334e-06 3.00931334e-06 3.00931334e-06
 4.51397001e-06 4.51397001e-06 4.51397001e-06 1.20372534e-05
 1.20372534e-05 1.35419100e-05 1.35419100e-05 1.35419100e-05
 1.35419100e-05 1.35419100e-05 1.35419100e-05 1.35419100e-05
 1.35419100e-05 1.35419100e-05 1.35419100e-05 1.35419100e-05
 1.35419100e-05 1.95605367e-05 1.95605367e-05 1.95605367e-05
 2.25698501e-05 3.00931334e-05 3.46071034e-05 5.41676402e-05
 6.01862669e-05 7.67374903e-05 1.29400474e-04 1.74540174e-04
 2.46763694e-04 3.11463931e-04 4.12275928e-04 4.84499448e-04
 5.77788162e-04 6.90637412e-04 6.90637412e-04 1.20673465e-03
 1.72132723e-03 1.72283189e-03 2.33372250e-03 2.94912708e-03
 3.97530293e-03 4.08664752e-03 6.03969188e-03 7.62409536e-03
 8.64425258e-03 1.01203208e-02 1.22840171e-02 1.45048903e-02
 1.77730046e-02 2.21861626e-02 2.60486163e-02 2.97621090e-02
 3.37840562e-02 3.83401567e-02 4.49365715e-02 5.14186324e-02
 5.82136620e-02 6.39133014e-02 7.28795505e-02 7.86619461e-02
 8.41840361e-02 9.24972642e-02 9.91147443e-02 1.12254911e-01
 1.20182947e-01 1.28205776e-01 1.34772098e-01 1.42709162e-01
 1.49687760e-01 1.56702469e-01 1.65164658e-01 1.73507979e-01
 1.82322258e-01 1.89370070e-01 1.95864168e-01 2.02583965e-01
 2.09517423e-01 2.17633541e-01 2.25049994e-01 2.31772800e-01
 2.38259375e-01 2.44281011e-01 2.50436561e-01 2.59524687e-01
 2.68859577e-01 2.76104499e-01 2.82637719e-01]"
True Uruguay,"[0.         0.00011597 0.00011597 0.00023193 0.00084075 0.00144957
 0.00229032 0.00272519 0.00318905 0.00458064 0.00469661 0.00469661
 0.00547937 0.00629113 0.00689995 0.00794364 0.00881338 0.00898733
 0.00979909 0.00979909 0.01014699 0.01069783 0.01159656 0.01159656
 0.01177051 0.01229235 0.01229235 0.01322008 0.01371293 0.01432175
 0.01391587 0.01391587 0.01400285 0.01426377 0.01455368 0.01455368
 0.01472763 0.01498855 0.0155104  0.0155104  0.01574233 0.01614821
 0.01632216 0.01727887 0.01756879 0.01797467 0.01811962 0.01826458
 0.01864147 0.01878643 0.01890239 0.01898937]"
True Vietnam,"[0.00000000e+00 2.09335538e-06 2.09335538e-06 2.09335538e-06
 2.09335538e-06 2.09335538e-06 2.09335538e-06 2.09335538e-06
 2.09335538e-06 2.09335538e-06 6.28006614e-06 6.28006614e-06
 8.37342152e-06 8.37342152e-06 8.37342152e-06 1.04667769e-05
 1.04667769e-05 1.36068100e-05 1.36068100e-05 1.46534877e-05
 1.57001654e-05 1.57001654e-05 1.67468430e-05 1.67468430e-05
 1.67468430e-05 1.67468430e-05 1.67468430e-05 1.67468430e-05
 1.67468430e-05 1.67468430e-05 1.67468430e-05 1.67468430e-05
 1.67468430e-05 1.67468430e-05 1.67468430e-05 1.67468430e-05
 1.67468430e-05 1.67468430e-05 1.67468430e-05 1.67468430e-05
 1.67468430e-05 1.67468430e-05 1.67468430e-05 1.67468430e-05
 1.67468430e-05 1.88401984e-05 3.14003307e-05 3.14003307e-05
 3.24470084e-05 3.97737522e-05 4.08204299e-05 4.91938515e-05
 5.54739176e-05 5.86139507e-05 6.38473391e-05 6.90807276e-05
 7.85008268e-05 8.89676037e-05 9.52476698e-05 9.83877029e-05
 1.18274579e-04 1.28741356e-04 1.40254811e-04 1.47581554e-04
 1.60141687e-04 1.70608464e-04 1.82121918e-04 1.96775406e-04
 2.12475571e-04 2.21895670e-04 2.28175737e-04 2.43875902e-04
 2.48062613e-04 2.51202646e-04 2.52249323e-04 2.56436034e-04
 2.60622745e-04 2.62716100e-04 2.66902811e-04 2.68996166e-04
 2.70042844e-04 2.74229555e-04 2.77369588e-04 2.78416266e-04
 2.79462943e-04 2.80509621e-04 2.80509621e-04 2.80509621e-04
 2.80509621e-04 2.80509621e-04 2.80509621e-04 2.80509621e-04
 2.80509621e-04 2.82602976e-04 2.82602976e-04 2.82602976e-04
 2.82602976e-04 2.82602976e-04 2.82602976e-04 2.82602976e-04
 2.82602976e-04 2.82602976e-04 2.83649654e-04]"
True Zambia,"[0.00000000e+00 1.15261671e-05 1.15261671e-05 1.15261671e-05
 1.15261671e-05 1.72892507e-05 1.72892507e-05 1.72892507e-05
 6.91570026e-05 9.22093369e-05 1.26787838e-04 1.61366340e-04
 1.67129423e-04 2.01707924e-04 2.01707924e-04 2.07471008e-04
 2.24760259e-04 2.24760259e-04 2.24760259e-04 2.24760259e-04
 2.24760259e-04 2.24760259e-04 2.24760259e-04 2.24760259e-04
 2.30523342e-04 2.30523342e-04 2.47812593e-04 2.59338760e-04
 2.59338760e-04 2.76628011e-04 2.76628011e-04 2.99680345e-04
 3.28495763e-04 3.51548097e-04 3.74600431e-04 4.03415849e-04
 4.26468183e-04 4.37994350e-04 4.84099019e-04 4.84099019e-04
 5.07151353e-04 5.07151353e-04 5.47492938e-04 5.59019105e-04
 6.10886857e-04 6.28176107e-04 6.85806943e-04 7.14622361e-04]"
