Prediction Argentina,"[[0.00031657]
 [0.00033913]
 [0.00036327]
 [0.0003891 ]
 [0.00041673]
 [0.00044627]
 [0.00047785]
 [0.00051162]
 [0.0005477 ]
 [0.00058624]
 [0.00062742]
 [0.00067138]
 [0.00071832]
 [0.0007684 ]
 [0.00082182]
 [0.0008788 ]
 [0.00093952]
 [0.00100422]
 [0.00107313]
 [0.00114648]
 [0.00122452]
 [0.00130751]
 [0.0013957 ]
 [0.00148936]
 [0.00158877]
 [0.00169421]
 [0.00180596]
 [0.00192431]
 [0.00204954]
 [0.00218194]
 [0.00232178]
 [0.00246934]
 [0.00262489]
 [0.00278868]
 [0.00296094]
 [0.00314191]
 [0.00333177]
 [0.00353071]
 [0.00373885]
 [0.00395632]
 [0.00418319]
 [0.00441948]
 [0.00466518]
 [0.00492023]
 [0.00518451]
 [0.00545784]
 [0.00574   ]
 [0.0060307 ]
 [0.00632959]
 [0.00663625]
 [0.00695022]
 [0.00727096]
 [0.00759788]
 [0.00793034]
 [0.00826766]
 [0.00860909]
 [0.00895385]
 [0.00930115]
 [0.00965015]
 [0.01000001]
 [0.01034987]
 [0.01069887]
 [0.01104617]]"
Prediction Armenia,"[[0.00162776]
 [0.00175711]
 [0.00189654]
 [0.00204684]
 [0.0022088 ]
 [0.00238329]
 [0.00257123]
 [0.00277362]
 [0.00299148]
 [0.00322594]
 [0.00347818]
 [0.00374945]
 [0.00404106]
 [0.00435442]
 [0.004691  ]
 [0.00505235]
 [0.00544008]
 [0.0058559 ]
 [0.00630159]
 [0.00677897]
 [0.00728996]
 [0.00783653]
 [0.00842071]
 [0.00904456]
 [0.00971018]
 [0.01041972]
 [0.01117529]
 [0.01197902]
 [0.01283302]
 [0.01373932]
 [0.01469989]
 [0.01571659]
 [0.01679116]
 [0.01792515]
 [0.01911994]
 [0.02037664]
 [0.0216961 ]
 [0.02307889]
 [0.02452518]
 [0.0260348 ]
 [0.02760716]
 [0.0292412 ]
 [0.03093542]
 [0.03268783]
 [0.03449591]
 [0.03635665]
 [0.03826656]
 [0.04022162]
 [0.04221736]
 [0.04424888]
 [0.04631085]
 [0.04839764]
 [0.05050329]
 [0.05262165]
 [0.05474641]
 [0.05687116]
 [0.05898952]
 [0.06109517]
 [0.06318196]
 [0.06524393]
 [0.06727545]
 [0.06927119]
 [0.07122625]
 [0.07313615]
 [0.0749969 ]]"
Prediction Australia,"[[7.94988729e-07]
 [9.34111822e-07]
 [1.09758052e-06]
 [1.28965480e-06]
 [1.51533987e-06]
 [1.78051656e-06]
 [2.09209439e-06]
 [2.45819141e-06]
 [2.88834549e-06]
 [3.39376237e-06]
 [3.98760715e-06]
 [4.68534648e-06]
 [5.50515041e-06]
 [6.46836429e-06]
 [7.60006265e-06]
 [8.92969948e-06]
 [1.04918713e-05]
 [1.23272124e-05]
 [1.44834455e-05]
 [1.70166131e-05]
 [1.99925218e-05]
 [2.34884339e-05]
 [2.75950497e-05]
 [3.24188275e-05]
 [3.80846975e-05]
 [4.47392340e-05]
 [5.25543610e-05]
 [6.17316734e-05]
 [7.25074729e-05]
 [8.51586246e-05]
 [1.00009358e-04]
 [1.17439147e-04]
 [1.37891815e-04]
 [1.61886021e-04]
 [1.90027303e-04]
 [2.23021828e-04]
 [2.61692020e-04]
 [3.06994199e-04]
 [3.60038329e-04]
 [4.22109890e-04]
 [4.94693801e-04]
 [5.79500150e-04]
 [6.78491242e-04]
 [7.93909197e-04]
 [9.28302859e-04]
 [1.08455228e-03]
 [1.26588831e-03]
 [1.47590397e-03]
 [1.71855341e-03]
 [1.99813308e-03]
 [2.31923875e-03]
 [2.68669135e-03]
 [3.10542391e-03]
 [3.58032274e-03]
 [4.11601750e-03]
 [4.71661833e-03]
 [5.38540404e-03]
 [6.12447297e-03]
 [6.93437808e-03]
 [7.81377810e-03]
 [8.75914561e-03]
 [9.76457846e-03]
 [1.08217590e-02]
 [1.19200954e-02]
 [1.30470596e-02]
 [1.41887104e-02]
 [1.53303604e-02]
 [1.64573222e-02]
 [1.75556548e-02]
 [1.86128302e-02]
 [1.96182570e-02]
 [2.05636176e-02]
 [2.14430102e-02]
 [2.22529076e-02]
 [2.29919689e-02]
 [2.36607470e-02]
 [2.42613406e-02]
 [2.47970285e-02]
 [2.52719210e-02]
 [2.56906477e-02]
 [2.60580950e-02]
 [2.63791959e-02]
 [2.66587713e-02]
 [2.69014170e-02]
 [2.71114293e-02]
 [2.72927624e-02]
 [2.74490093e-02]
 [2.75834007e-02]
 [2.76988168e-02]
 [2.77978062e-02]
 [2.78826111e-02]
 [2.79551938e-02]
 [2.80172643e-02]
 [2.80703075e-02]
 [2.81156089e-02]
 [2.81542785e-02]
 [2.81872724e-02]
 [2.82154132e-02]
 [2.82394070e-02]
 [2.82598593e-02]]"
Prediction Austria,"[[0.00032257]
 [0.00038993]
 [0.00047132]
 [0.00056964]
 [0.00068838]
 [0.00083175]
 [0.00100482]
 [0.00121363]
 [0.00146546]
 [0.001769  ]
 [0.00213463]
 [0.00257467]
 [0.00310376]
 [0.00373917]
 [0.00450116]
 [0.00541342]
 [0.00650335]
 [0.00780237]
 [0.00934614]
 [0.01117444]
 [0.0133309 ]
 [0.01586222]
 [0.01881684]
 [0.02224291]
 [0.02618545]
 [0.03068268]
 [0.03576157]
 [0.04143295]
 [0.04768664]
 [0.05448732]
 [0.06177208]
 [0.06945031]
 [0.07740667]
 [0.08550713]
 [0.09360759]
 [0.10156394]
 [0.10924215]
 [0.11652689]
 [0.12332754]
 [0.12958119]
 [0.13525254]
 [0.1403314 ]
 [0.1448286 ]
 [0.14877111]
 [0.15219715]
 [0.15515174]
 [0.15768304]
 [0.15983948]
 [0.16166776]
 [0.16321151]
 [0.16451053]
 [0.16560044]
 [0.16651269]
 [0.16727468]
 [0.16791008]
 [0.16843916]
 [0.1688792 ]
 [0.16924482]
 [0.16954836]
 [0.16980019]
 [0.170009  ]
 [0.17018206]
 [0.17032543]
 [0.17044417]
 [0.17054249]
 [0.17062388]
 [0.17069124]
 [0.17074698]
 [0.1707931 ]
 [0.17083126]]"
Prediction Belarus,"[[4.46847421e-05]
 [5.15060408e-05]
 [5.93683992e-05]
 [6.84306244e-05]
 [7.88757231e-05]
 [9.09145803e-05]
 [1.04790195e-04]
 [1.20782557e-04]
 [1.39214254e-04]
 [1.60456933e-04]
 [1.84938720e-04]
 [2.13152759e-04]
 [2.45667026e-04]
 [2.83135600e-04]
 [3.26311609e-04]
 [3.76062087e-04]
 [4.33385006e-04]
 [4.99428798e-04]
 [5.75514706e-04]
 [6.63162337e-04]
 [7.64118852e-04]
 [8.80392257e-04]
 [1.01428931e-03]
 [1.16845857e-03]
 [1.34593925e-03]
 [1.55021638e-03]
 [1.78528307e-03]
 [2.05571024e-03]
 [2.36672478e-03]
 [2.72429619e-03]
 [3.13523245e-03]
 [3.60728490e-03]
 [4.14926217e-03]
 [4.77115218e-03]
 [5.48425098e-03]
 [6.30129602e-03]
 [7.23660036e-03]
 [8.30618271e-03]
 [9.52788641e-03]
 [1.09214779e-02]
 [1.25087130e-02]
 [1.43133545e-02]
 [1.63611242e-02]
 [1.86795658e-02]
 [2.12977928e-02]
 [2.42460951e-02]
 [2.75553743e-02]
 [3.12563819e-02]
 [3.53787400e-02]
 [3.99497332e-02]
 [4.49928809e-02]
 [5.05263204e-02]
 [5.65610607e-02]
 [6.30992046e-02]
 [7.01322674e-02]
 [7.76397517e-02]
 [8.55881550e-02]
 [9.39305827e-02]
 [1.02607110e-01]
 [1.11545977e-01]
 [1.20665630e-01]
 [1.29877505e-01]
 [1.39089381e-01]
 [1.48209039e-01]
 [1.57147913e-01]
 [1.65824450e-01]
 [1.74166889e-01]]"
Prediction Belgium,"[[1.09887705e-04]
 [1.24434795e-04]
 [1.40907054e-04]
 [1.59559093e-04]
 [1.80679148e-04]
 [2.04593508e-04]
 [2.31671522e-04]
 [2.62331259e-04]
 [2.97045908e-04]
 [3.36351007e-04]
 [3.80852613e-04]
 [4.31236530e-04]
 [4.88278722e-04]
 [5.52857076e-04]
 [6.25964656e-04]
 [7.08724660e-04]
 [8.02407269e-04]
 [9.08448614e-04]
 [1.02847212e-03]
 [1.16431253e-03]
 [1.31804279e-03]
 [1.49200435e-03]
 [1.68884102e-03]
 [1.91153681e-03]
 [2.16345828e-03]
 [2.44840169e-03]
 [2.77064542e-03]
 [3.13500810e-03]
 [3.54691295e-03]
 [4.01245855e-03]
 [4.53849656e-03]
 [5.13271658e-03]
 [5.80373820e-03]
 [6.56121024e-03]
 [7.41591687e-03]
 [8.37988985e-03]
 [9.46652576e-03]
 [1.06907066e-02]
 [1.20689212e-02]
 [1.36193839e-02]
 [1.53621463e-02]
 [1.73191962e-02]
 [1.95145354e-02]
 [2.19742287e-02]
 [2.47264115e-02]
 [2.78012426e-02]
 [3.12307879e-02]
 [3.50488160e-02]
 [3.92904873e-02]
 [4.39919174e-02]
 [4.91895937e-02]
 [5.49196300e-02]
 [6.12168447e-02]
 [6.81136591e-02]
 [7.56388196e-02]
 [8.38159653e-02]
 [9.26620777e-02]
 [1.02185871e-01]
 [1.12386205e-01]
 [1.23250613e-01]
 [1.34754069e-01]
 [1.46858117e-01]
 [1.59510473e-01]
 [1.72645210e-01]
 [1.86183601e-01]
 [2.00035627e-01]
 [2.14102134e-01]
 [2.28277542e-01]
 [2.42452946e-01]
 [2.56519444e-01]
 [2.70371453e-01]
 [2.83909821e-01]
 [2.97044531e-01]
 [3.09696854e-01]
 [3.21800867e-01]
 [3.33304285e-01]
 [3.44168651e-01]
 [3.54368943e-01]
 [3.63892695e-01]
 [3.72738765e-01]
 [3.80915870e-01]
 [3.88440991e-01]
 [3.95337767e-01]
 [4.01634945e-01]
 [4.07364947e-01]
 [4.12562592e-01]
 [4.17263992e-01]
 [4.21505636e-01]
 [4.25323639e-01]
 [4.28753161e-01]
 [4.31827971e-01]]"
Prediction Bulgaria,"[[0.00100115]
 [0.00107193]
 [0.00114756]
 [0.00122836]
 [0.00131466]
 [0.00140679]
 [0.00150513]
 [0.00161005]
 [0.00172195]
 [0.00184125]
 [0.00196838]
 [0.00210381]
 [0.00224798]
 [0.00240141]
 [0.00256458]
 [0.00273803]
 [0.00292227]
 [0.00311786]
 [0.00332534]
 [0.00354529]
 [0.00377826]
 [0.00402483]
 [0.00428555]
 [0.00456098]
 [0.00485168]
 [0.00515817]
 [0.00548094]
 [0.00582049]
 [0.00617725]
 [0.00655161]
 [0.00694393]
 [0.00735448]
 [0.0077835 ]
 [0.00823112]
 [0.00869741]
 [0.00918235]
 [0.00968581]
 [0.01020756]
 [0.01074727]
 [0.01130448]
 [0.01187863]
 [0.01246901]
 [0.01307482]
 [0.01369512]
 [0.01432885]
 [0.01497486]
 [0.01563186]
 [0.0162985 ]
 [0.01697329]
 [0.01765472]
 [0.01834117]
 [0.01903101]
 [0.01972254]
 [0.02041408]
 [0.02110391]
 [0.02179036]
 [0.02247179]
 [0.02314659]]"
Prediction Canada,"[[1.39102169e-05]
 [1.55901528e-05]
 [1.74729548e-05]
 [1.95831154e-05]
 [2.19480831e-05]
 [2.45986184e-05]
 [2.75691934e-05]
 [3.08984388e-05]
 [3.46296449e-05]
 [3.88113232e-05]
 [4.34978345e-05]
 [4.87500934e-05]
 [5.46363567e-05]
 [6.12331060e-05]
 [6.86260365e-05]
 [7.69111636e-05]
 [8.61960617e-05]
 [9.66012505e-05]
 [1.08261747e-04]
 [1.21328799e-04]
 [1.35971831e-04]
 [1.52380611e-04]
 [1.70767679e-04]
 [1.91371059e-04]
 [2.14457293e-04]
 [2.40324819e-04]
 [2.69307758e-04]
 [3.01780119e-04]
 [3.38160509e-04]
 [3.78917367e-04]
 [4.24574799e-04]
 [4.75719069e-04]
 [5.33005819e-04]
 [5.97168082e-04]
 [6.69025174e-04]
 [7.49492548e-04]
 [8.39592690e-04]
 [9.40467156e-04]
 [1.05338984e-03]
 [1.17978155e-03]
 [1.32122606e-03]
 [1.47948754e-03]
 [1.65652975e-03]
 [1.85453668e-03]
 [2.07593502e-03]
 [2.32341826e-03]
 [2.59997244e-03]
 [2.90890353e-03]
 [3.25386613e-03]
 [3.63889340e-03]
 [4.06842771e-03]
 [4.54735164e-03]
 [5.08101839e-03]
 [5.67528106e-03]
 [6.33651920e-03]
 [7.07166155e-03]
 [7.88820298e-03]
 [8.79421346e-03]
 [9.79833655e-03]
 [1.09097744e-02]
 [1.21382557e-02]
 [1.34939833e-02]
 [1.49875562e-02]
 [1.66298634e-02]
 [1.84319439e-02]
 [2.04048094e-02]
 [2.25592278e-02]
 [2.49054632e-02]
 [2.74529751e-02]
 [3.02100775e-02]
 [3.31835640e-02]
 [3.63783082e-02]
 [3.97968527e-02]
 [4.34390048e-02]
 [4.73014590e-02]
 [5.13774730e-02]
 [5.56566223e-02]
 [6.01246596e-02]
 [6.47635033e-02]
 [6.95513724e-02]
 [7.44630786e-02]
 [7.94704746e-02]
 [8.45430477e-02]
 [8.96486343e-02]
 [9.47542224e-02]
 [9.98268000e-02]
 [1.04834204e-01]
 [1.09745920e-01]
 [1.14533802e-01]
 [1.19172660e-01]
 [1.23640714e-01]
 [1.27919882e-01]
 [1.31995915e-01]
 [1.35858390e-01]
 [1.39500562e-01]
 [1.42919128e-01]
 [1.46113892e-01]
 [1.49087399e-01]
 [1.51844521e-01]
 [1.54392052e-01]]"
Prediction China,[]
Prediction Costa Rica,"[[0.00096584]
 [0.00104193]
 [0.00112366]
 [0.00121137]
 [0.00130545]
 [0.00140627]
 [0.00151423]
 [0.00162974]
 [0.0017532 ]
 [0.00188503]
 [0.00202565]
 [0.00217547]
 [0.00233489]
 [0.00250431]
 [0.00268411]
 [0.00287464]
 [0.00307623]
 [0.00328917]
 [0.0035137 ]
 [0.00375004]
 [0.0039983 ]
 [0.00425858]
 [0.00453086]
 [0.00481508]
 [0.00511106]
 [0.00541855]
 [0.00573719]
 [0.00606653]
 [0.00640602]
 [0.00675499]
 [0.00711269]
 [0.00747826]
 [0.00785078]
 [0.00822921]
 [0.00861247]
 [0.00899939]
 [0.00938879]
 [0.00977944]
 [0.01017008]
 [0.01055948]
 [0.01094641]
 [0.01132967]
 [0.0117081 ]
 [0.01208062]
 [0.01244619]
 [0.01280389]
 [0.01315286]
 [0.01349235]
 [0.01382169]
 [0.01414033]
 [0.01444782]
 [0.0147438 ]
 [0.01502802]
 [0.0153003 ]
 [0.01556058]
 [0.01580884]
 [0.01604518]
 [0.01626971]
 [0.01648265]
 [0.01668424]]"
Prediction Croatia,"[[0.00014493]
 [0.00016832]
 [0.00019546]
 [0.00022695]
 [0.0002635 ]
 [0.00030589]
 [0.00035506]
 [0.00041206]
 [0.00047813]
 [0.00055468]
 [0.00064332]
 [0.00074592]
 [0.0008646 ]
 [0.00100177]
 [0.00116021]
 [0.00134302]
 [0.00155373]
 [0.00179629]
 [0.00207511]
 [0.00239509]
 [0.00276159]
 [0.00318047]
 [0.00365803]
 [0.00420092]
 [0.00481612]
 [0.00551068]
 [0.00629163]
 [0.00716563]
 [0.00813871]
 [0.00921585]
 [0.01040058]
 [0.01169449]
 [0.01309684]
 [0.01460412]
 [0.01620975]
 [0.01790394]
 [0.0196737 ]
 [0.0215031 ]
 [0.02337376]
 [0.02526551]
 [0.02715726]
 [0.02902792]
 [0.03085732]
 [0.03262708]
 [0.03432127]
 [0.0359269 ]
 [0.03743418]
 [0.03883653]
 [0.04013044]
 [0.04131516]
 [0.0423923 ]
 [0.04336539]
 [0.04423939]
 [0.04502034]
 [0.0457149 ]
 [0.04633009]
 [0.04687299]
 [0.04735054]
 [0.04776943]
 [0.04813593]
 [0.04845591]
 [0.04873473]
 [0.04897729]
 [0.049188  ]
 [0.04937081]
 [0.04952924]
 [0.04966642]
 [0.0497851 ]
 [0.04988769]
 [0.04997634]]"
Prediction Cyprus,"[[0.00092357]
 [0.00108148]
 [0.00126589]
 [0.00148108]
 [0.00173193]
 [0.00202403]
 [0.0023637 ]
 [0.00275808]
 [0.00321516]
 [0.00374381]
 [0.00435376]
 [0.00505556]
 [0.00586048]
 [0.00678029]
 [0.007827  ]
 [0.00901246]
 [0.01034786]
 [0.01184306]
 [0.01350584]
 [0.01534109]
 [0.0173499 ]
 [0.01952872]
 [0.02186872]
 [0.0243553 ]
 [0.02696803]
 [0.02968102]
 [0.0324637 ]
 [0.03528212]
 [0.03810054]
 [0.04088321]
 [0.0435962 ]
 [0.04620893]
 [0.04869552]
 [0.05103552]
 [0.05321434]
 [0.05522315]
 [0.05705841]
 [0.0587212 ]
 [0.06021639]
 [0.0615518 ]
 [0.06273726]
 [0.06378397]
 [0.06470378]
 [0.0655087 ]
 [0.06621051]
 [0.06682046]
 [0.06734911]
 [0.06780619]
 [0.06820057]
 [0.06854024]
 [0.06883234]
 [0.0690832 ]
 [0.06929839]
 [0.0694828 ]
 [0.06964071]
 [0.06977582]
 [0.06989136]]"
Prediction Denmark,"[[0.00191089]
 [0.00212905]
 [0.00237177]
 [0.00264173]
 [0.00294189]
 [0.00327548]
 [0.00364608]
 [0.00405761]
 [0.00451433]
 [0.00502091]
 [0.00558244]
 [0.00620443]
 [0.00689285]
 [0.0076541 ]
 [0.00849509]
 [0.00942316]
 [0.01044612]
 [0.0115722 ]
 [0.01281001]
 [0.01416848]
 [0.01565679]
 [0.01728425]
 [0.01906018]
 [0.02099373]
 [0.02309368]
 [0.02536827]
 [0.02782485]
 [0.03046969]
 [0.0333076 ]
 [0.03634168]
 [0.03957294]
 [0.04300002]
 [0.04661895]
 [0.05042283]
 [0.05440179]
 [0.05854278]
 [0.06282971]
 [0.06724353]
 [0.07176246]
 [0.07636244]
 [0.08101752]
 [0.08570048]
 [0.09038344]
 [0.09503852]
 [0.09963849]
 [0.10415743]
 [0.10857124]
 [0.11285817]
 [0.11699916]
 [0.12097811]
 [0.12478199]
 [0.12840091]
 [0.131828  ]
 [0.13505925]
 [0.13809332]
 [0.14093123]
 [0.14357606]
 [0.14603264]
 [0.14830722]
 [0.15040718]
 [0.15234072]
 [0.15411665]
 [0.15574411]
 [0.15723241]
 [0.15859088]
 [0.15982869]
 [0.16095476]
 [0.16197772]]"
Prediction Dominican Republic,"[[0.00038319]
 [0.00042623]
 [0.00047408]
 [0.00052727]
 [0.00058639]
 [0.00065209]
 [0.00072509]
 [0.00080618]
 [0.00089626]
 [0.00099628]
 [0.00110733]
 [0.00123059]
 [0.00136736]
 [0.00151907]
 [0.00168728]
 [0.00187373]
 [0.0020803 ]
 [0.00230904]
 [0.0025622 ]
 [0.00284222]
 [0.00315173]
 [0.00349359]
 [0.00387089]
 [0.0042869 ]
 [0.00474516]
 [0.0052494 ]
 [0.00580358]
 [0.00641182]
 [0.00707844]
 [0.00780789]
 [0.00860469]
 [0.00947343]
 [0.01041862]
 [0.01144471]
 [0.01255587]
 [0.013756  ]
 [0.01504852]
 [0.01643626]
 [0.01792132]
 [0.01950493]
 [0.02118727]
 [0.02296736]
 [0.02484291]
 [0.02681026]
 [0.02886426]
 [0.03099828]
 [0.03320421]
 [0.03547255]
 [0.03779251]
 [0.04015223]
 [0.04253895]
 [0.04493933]
 [0.04733971]
 [0.04972643]
 [0.05208615]
 [0.05440611]
 [0.05667444]
 [0.05888037]
 [0.06101438]
 [0.06306838]
 [0.06503572]
 [0.06691127]
 [0.06869136]
 [0.07037369]
 [0.0719573 ]]"
Prediction Ecuador,"[[0.00055666]
 [0.00061484]
 [0.00067909]
 [0.00075003]
 [0.00082837]
 [0.00091488]
 [0.0010104 ]
 [0.00111586]
 [0.00123229]
 [0.00136083]
 [0.00150273]
 [0.00165937]
 [0.00183225]
 [0.00202306]
 [0.00223362]
 [0.00246596]
 [0.00272231]
 [0.0030051 ]
 [0.00331702]
 [0.00366101]
 [0.00404032]
 [0.00445847]
 [0.00491937]
 [0.00542725]
 [0.00598677]
 [0.00660299]
 [0.00728147]
 [0.00802824]
 [0.00884985]
 [0.00975344]
 [0.01074674]
 [0.01183812]
 [0.01303659]
 [0.01435188]
 [0.01579443]
 [0.0173754 ]
 [0.0191067 ]
 [0.02100098]
 [0.02307162]
 [0.02533269]
 [0.02779891]
 [0.03048556]
 [0.03340842]
 [0.03658359]
 [0.04002737]
 [0.04375605]
 [0.04778567]
 [0.05213172]
 [0.05680886]
 [0.06183055]
 [0.06720861]
 [0.07295286]
 [0.07907059]
 [0.08556616]
 [0.09244053]
 [0.09969079]
 [0.10730978]
 [0.1152858 ]
 [0.1236023 ]
 [0.13223782]
 [0.14116592]
 [0.15035538]
 [0.15977047]
 [0.16937139]
 [0.17911491]]"
Prediction El Salvador,"[[0.00024488]
 [0.00026509]
 [0.00028696]
 [0.00031061]
 [0.00033619]
 [0.00036385]
 [0.00039376]
 [0.00042609]
 [0.00046103]
 [0.00049879]
 [0.00053959]
 [0.00058365]
 [0.00063124]
 [0.00068262]
 [0.00073808]
 [0.00079791]
 [0.00086246]
 [0.00093206]
 [0.00100708]
 [0.00108792]
 [0.00117498]
 [0.0012687 ]
 [0.00136954]
 [0.00147799]
 [0.00159454]
 [0.00171973]
 [0.00185411]
 [0.00199825]
 [0.00215273]
 [0.00231817]
 [0.00249519]
 [0.00268441]
 [0.00288647]
 [0.00310202]
 [0.00333169]
 [0.0035761 ]
 [0.00383586]
 [0.00411155]
 [0.00440372]
 [0.00471288]
 [0.00503946]
 [0.00538386]
 [0.00574638]
 [0.00612722]
 [0.00652652]
 [0.00694427]
 [0.00738036]]"
Prediction Estonia,"[[0.00119583]
 [0.00135987]
 [0.00154615]
 [0.00175759]
 [0.00199749]
 [0.00226956]
 [0.00257793]
 [0.00292724]
 [0.00332264]
 [0.00376986]
 [0.00427522]
 [0.00484572]
 [0.005489  ]
 [0.00621342]
 [0.00702802]
 [0.00794252]
 [0.00896729]
 [0.01011326]
 [0.01139182]
 [0.01281463]
 [0.01439346]
 [0.01613986]
 [0.01806484]
 [0.02017846]
 [0.02248939]
 [0.02500433]
 [0.0277275 ]
 [0.03066006]
 [0.03379956]
 [0.0371395 ]
 [0.04066893]
 [0.04437228]
 [0.04822934]
 [0.05221554]
 [0.05630239]
 [0.06045823]
 [0.06464914]
 [0.06884006]
 [0.0729959 ]
 [0.07708275]
 [0.08106894]
 [0.08492601]
 [0.08862935]
 [0.09215877]
 [0.09549871]
 [0.09863821]
 [0.10157077]
 [0.10429394]
 [0.10680887]
 [0.1091198 ]
 [0.11123342]
 [0.1131584 ]
 [0.11490479]
 [0.11648362]
 [0.11790643]
 [0.11918498]
 [0.12033095]
 [0.12135572]
 [0.12227022]
 [0.12308482]
 [0.12380923]
 [0.12445252]
 [0.12502301]
 [0.12552838]
 [0.12597559]
 [0.12637099]
 [0.1267203 ]
 [0.12702867]]"
Prediction Finland,"[[4.40667107e-05]
 [4.89217033e-05]
 [5.43113010e-05]
 [6.02943047e-05]
 [6.69359672e-05]
 [7.43086979e-05]
 [8.24928425e-05]
 [9.15775480e-05]
 [1.01661720e-04]
 [1.12855082e-04]
 [1.25279349e-04]
 [1.39069526e-04]
 [1.54375342e-04]
 [1.71362838e-04]
 [1.90216119e-04]
 [2.11139292e-04]
 [2.34358604e-04]
 [2.60124795e-04]
 [2.88715703e-04]
 [3.20439116e-04]
 [3.55635929e-04]
 [3.94683596e-04]
 [4.37999931e-04]
 [4.86047269e-04]
 [5.39337024e-04]
 [5.98434668e-04]
 [6.63965159e-04]
 [7.36618854e-04]
 [8.17157924e-04]
 [9.06423301e-04]
 [1.00534217e-03]
 [1.11493604e-03]
 [1.23632934e-03]
 [1.37075864e-03]
 [1.51958239e-03]
 [1.68429111e-03]
 [1.86651813e-03]
 [2.06805056e-03]
 [2.29084063e-03]
 [2.53701693e-03]
 [2.80889561e-03]
 [3.10899110e-03]
 [3.44002602e-03]
 [3.80493984e-03]
 [4.20689588e-03]
 [4.64928577e-03]
 [5.13573095e-03]
 [5.67008001e-03]
 [6.25640118e-03]
 [6.89896868e-03]
 [7.60224186e-03]
 [8.37083570e-03]
 [9.20948155e-03]
 [1.01229766e-02]
 [1.11161213e-02]
 [1.21936428e-02]
 [1.33601052e-02]
 [1.46198050e-02]
 [1.59766530e-02]
 [1.74340435e-02]
 [1.89947135e-02]
 [2.06605944e-02]
 [2.24326618e-02]
 [2.43107874e-02]
 [2.62936021e-02]
 [2.83783753e-02]
 [3.05609212e-02]
 [3.28355376e-02]
 [3.51949875e-02]
 [3.76305267e-02]
 [4.01319843e-02]
 [4.26878957e-02]
 [4.52856873e-02]
 [4.79119082e-02]
 [5.05524990e-02]
 [5.31930895e-02]
 [5.58193094e-02]
 [5.84170996e-02]
 [6.09730088e-02]
 [6.34744637e-02]
 [6.59099998e-02]
 [6.82694462e-02]
 [7.05440588e-02]
 [7.27266005e-02]
 [7.48113693e-02]
 [7.67941794e-02]
 [7.86723004e-02]
 [8.04443631e-02]
 [8.21102395e-02]
 [8.36709049e-02]
 [8.51282909e-02]
 [8.64851346e-02]
 [8.77448302e-02]
 [8.89112886e-02]
 [8.99888063e-02]
 [9.09819474e-02]
 [9.18954391e-02]]"
Prediction France,"[[6.49576432e-06]
 [7.48195336e-06]
 [8.61786100e-06]
 [9.92621519e-06]
 [1.14331936e-05]
 [1.31689469e-05]
 [1.51682018e-05]
 [1.74709550e-05]
 [2.01232725e-05]
 [2.31782106e-05]
 [2.66968749e-05]
 [3.07496418e-05]
 [3.54175626e-05]
 [4.07939821e-05]
 [4.69864002e-05]
 [5.41186160e-05]
 [6.23331950e-05]
 [7.17943088e-05]
 [8.26910030e-05]
 [9.52409564e-05]
 [1.09694806e-04]
 [1.26341123e-04]
 [1.45512128e-04]
 [1.67590274e-04]
 [1.93015796e-04]
 [2.22295397e-04]
 [2.56012218e-04]
 [2.94837280e-04]
 [3.39542619e-04]
 [3.91016334e-04]
 [4.50279841e-04]
 [5.18507616e-04]
 [5.97049781e-04]
 [6.87457906e-04]
 [7.91514447e-04]
 [9.11266288e-04]
 [1.04906289e-03]
 [1.20759957e-03]
 [1.38996655e-03]
 [1.59970430e-03]
 [1.84086582e-03]
 [2.11808648e-03]
 [2.43666198e-03]
 [2.80263479e-03]
 [3.22288948e-03]
 [3.70525695e-03]
 [4.25862725e-03]
 [4.89307021e-03]
 [5.61996238e-03]
 [6.45211780e-03]
 [7.40391919e-03]
 [8.49144411e-03]
 [9.73257942e-03]
 [1.11471143e-02]
 [1.27567998e-02]
 [1.45853606e-02]
 [1.66584382e-02]
 [1.90034464e-02]
 [2.16493123e-02]
 [2.46260754e-02]
 [2.79643191e-02]
 [3.16944073e-02]
 [3.58455073e-02]
 [4.04443917e-02]
 [4.55140261e-02]
 [5.10719758e-02]
 [5.71286925e-02]
 [6.36857753e-02]
 [7.07343331e-02]
 [7.82536052e-02]
 [8.62100097e-02]
 [9.45567870e-02]
 [1.03234376e-01]
 [1.12171607e-01]
 [1.21287705e-01]
 [1.30495035e-01]
 [1.39702378e-01]
 [1.48818516e-01]
 [1.57755812e-01]
 [1.66433489e-01]
 [1.74780373e-01]
 [1.82736901e-01]
 [1.90256307e-01]
 [1.97305008e-01]
 [2.03862238e-01]
 [2.09919102e-01]
 [2.15477198e-01]
 [2.20546974e-01]
 [2.25145995e-01]
 [2.29297223e-01]
 [2.33027431e-01]
 [2.36365787e-01]
 [2.39342652e-01]
 [2.41988611e-01]
 [2.44333704e-01]
 [2.46406857e-01]
 [2.48235487e-01]
 [2.49845233e-01]
 [2.51259822e-01]
 [2.52501006e-01]
 [2.53588573e-01]
 [2.54540412e-01]]"
Prediction Georgia,"[[0.00015461]
 [0.00016904]
 [0.00018481]
 [0.00020204]
 [0.00022086]
 [0.0002414 ]
 [0.00026384]
 [0.00028833]
 [0.00031505]
 [0.00034421]
 [0.00037602]
 [0.0004107 ]
 [0.00044851]
 [0.00048972]
 [0.00053461]
 [0.00058349]
 [0.00063669]
 [0.00069457]
 [0.00075751]
 [0.00082591]
 [0.0009002 ]
 [0.00098084]
 [0.00106829]
 [0.00116306]
 [0.00126568]
 [0.0013767 ]
 [0.00149669]
 [0.00162622]
 [0.0017659 ]
 [0.00191633]
 [0.00207812]
 [0.00225188]
 [0.0024382 ]
 [0.00263766]
 [0.0028508 ]
 [0.00307813]
 [0.00332009]
 [0.00357708]
 [0.0038494 ]
 [0.00413725]
 [0.00444074]
 [0.00475986]
 [0.00509445]
 [0.0054442 ]
 [0.00580867]
 [0.00618723]
 [0.0065791 ]
 [0.00698334]
 [0.00739881]
 [0.00782424]
 [0.00825823]
 [0.00869923]
 [0.00914558]
 [0.00959554]
 [0.01004733]
 [0.01049912]
 [0.01094908]
 [0.01139543]
 [0.01183643]
 [0.01227042]
 [0.01269585]
 [0.01311132]
 [0.01351555]
 [0.01390743]
 [0.01428599]
 [0.01465046]
 [0.01500021]
 [0.0153348 ]
 [0.01565392]]"
Prediction Germany,"[[1.04012052e-05]
 [1.20456676e-05]
 [1.39501060e-05]
 [1.61556139e-05]
 [1.87097784e-05]
 [2.16677052e-05]
 [2.50932059e-05]
 [2.90601712e-05]
 [3.36541624e-05]
 [3.89742512e-05]
 [4.51351504e-05]
 [5.22696786e-05]
 [6.05316126e-05]
 [7.00989863e-05]
 [8.11779071e-05]
 [9.40069683e-05]
 [1.08862351e-04]
 [1.26063721e-04]
 [1.45981040e-04]
 [1.69042438e-04]
 [1.95743294e-04]
 [2.26656720e-04]
 [2.62445652e-04]
 [3.03876780e-04]
 [3.51836596e-04]
 [4.07349847e-04]
 [4.71600752e-04]
 [5.45957351e-04]
 [6.31999414e-04]
 [7.31550373e-04]
 [8.46713782e-04]
 [9.79914856e-04]
 [1.13394766e-03]
 [1.31202853e-03]
 [1.51785633e-03]
 [1.75568009e-03]
 [2.03037452e-03]
 [2.34752368e-03]
 [2.71351301e-03]
 [3.13562947e-03]
 [3.62216910e-03]
 [4.18255060e-03]
 [4.82743285e-03]
 [5.56883272e-03]
 [6.42023836e-03]
 [7.39671110e-03]
 [8.51496655e-03]
 [9.79342318e-03]
 [1.12522029e-02]
 [1.29130653e-02]
 [1.47992536e-02]
 [1.69352268e-02]
 [1.93462532e-02]
 [2.20578367e-02]
 [2.50949546e-02]
 [2.84810911e-02]
 [3.22370658e-02]
 [3.63796750e-02]
 [4.09201911e-02]
 [4.58627979e-02]
 [5.12030719e-02]
 [5.69266518e-02]
 [6.30082583e-02]
 [6.94112290e-02]
 [7.60877109e-02]
 [8.29796018e-02]
 [9.00202599e-02]
 [9.71369045e-02]
 [1.04253544e-01]
 [1.11294186e-01]
 [1.18186051e-01]
 [1.24862499e-01]
 [1.31265428e-01]
 [1.37346987e-01]
 [1.43070515e-01]
 [1.48410734e-01]
 [1.53353285e-01]
 [1.57893745e-01]
 [1.62036300e-01]
 [1.65792222e-01]
 [1.69178308e-01]
 [1.72215379e-01]
 [1.74926919e-01]
 [1.77337905e-01]
 [1.79473842e-01]
 [1.81359997e-01]
 [1.83020830e-01]
 [1.84479583e-01]
 [1.85758016e-01]
 [1.86876250e-01]
 [1.87852704e-01]
 [1.88704094e-01]
 [1.89445479e-01]
 [1.90090349e-01]
 [1.90650719e-01]
 [1.91137249e-01]
 [1.91559357e-01]
 [1.91925339e-01]
 [1.92242482e-01]]"
Prediction Greece,"[[0.00091506]
 [0.00099073]
 [0.00107242]
 [0.00116058]
 [0.00125566]
 [0.00135816]
 [0.0014686 ]
 [0.00158751]
 [0.00171546]
 [0.00185305]
 [0.00200088]
 [0.00215959]
 [0.00232983]
 [0.00251227]
 [0.00270757]
 [0.00291643]
 [0.00313952]
 [0.00337752]
 [0.0036311 ]
 [0.00390089]
 [0.0041875 ]
 [0.00449149]
 [0.00481339]
 [0.00515364]
 [0.0055126 ]
 [0.00589056]
 [0.00628769]
 [0.00670404]
 [0.00713954]
 [0.00759398]
 [0.00806698]
 [0.00855803]
 [0.00906642]
 [0.0095913 ]
 [0.01013161]
 [0.01068616]
 [0.01125359]
 [0.01183236]
 [0.01242082]
 [0.01301719]
 [0.01361959]
 [0.01422604]
 [0.01483454]
 [0.01544304]
 [0.01604949]
 [0.01665189]
 [0.01724826]
 [0.01783672]
 [0.01841549]
 [0.01898291]
 [0.01953747]
 [0.02007778]
 [0.02060265]
 [0.02111104]
 [0.02160209]
 [0.0220751 ]
 [0.02252953]
 [0.02296504]
 [0.02338139]
 [0.02377851]
 [0.02415647]
 [0.02451543]
 [0.02485568]
 [0.02517758]
 [0.02548157]
 [0.02576818]
 [0.02603797]
 [0.02629155]
 [0.02652955]]"
Prediction Honduras,"[[0.00041118]
 [0.00044036]
 [0.00047156]
 [0.00050491]
 [0.00054056]
 [0.00057864]
 [0.00061933]
 [0.00066277]
 [0.00070915]
 [0.00075865]
 [0.00081145]
 [0.00086776]
 [0.00092779]
 [0.00099176]
 [0.00105989]
 [0.00113241]
 [0.00120958]
 [0.00129164]
 [0.00137886]
 [0.0014715 ]
 [0.00156983]
 [0.00167413]
 [0.00178468]
 [0.00190177]
 [0.00202568]
 [0.00215669]
 [0.00229507]
 [0.00244111]
 [0.00259507]
 [0.00275719]
 [0.00292771]
 [0.00310686]
 [0.00329483]
 [0.0034918 ]
 [0.0036979 ]
 [0.00391325]
 [0.00413792]
 [0.00437193]
 [0.00461529]
 [0.00486791]
 [0.0051297 ]
 [0.00540047]
 [0.00568   ]
 [0.005968  ]
 [0.00626413]
 [0.00656798]
 [0.00687907]
 [0.00719689]
 [0.00752085]
 [0.00785031]
 [0.00818458]
 [0.00852294]
 [0.00886462]
 [0.0092088 ]
 [0.00955468]]"
Prediction Hungary,"[[0.0003307 ]
 [0.00036511]
 [0.00040307]
 [0.00044493]
 [0.00049108]
 [0.00054195]
 [0.00059802]
 [0.00065978]
 [0.00072781]
 [0.00080271]
 [0.00088515]
 [0.00097585]
 [0.00107558]
 [0.0011852 ]
 [0.00130561]
 [0.00143781]
 [0.00158286]
 [0.00174187]
 [0.00191607]
 [0.00210674]
 [0.00231524]
 [0.00254299]
 [0.0027915 ]
 [0.00306231]
 [0.00335705]
 [0.00367735]
 [0.00402487]
 [0.00440128]
 [0.00480822]
 [0.00524727]
 [0.00571994]
 [0.0062276 ]
 [0.00677149]
 [0.0073526 ]
 [0.00797171]
 [0.00862926]
 [0.00932537]
 [0.01005976]
 [0.01083171]
 [0.01164005]
 [0.0124831 ]
 [0.01335869]
 [0.01426411]
 [0.01519621]
 [0.01615133]
 [0.01712541]
 [0.01811406]
 [0.01911256]
 [0.02011606]
 [0.02111955]
 [0.02211806]
 [0.0231067 ]
 [0.02408078]
 [0.0250359 ]
 [0.025968  ]
 [0.02687342]
 [0.02774901]
 [0.02859206]
 [0.0294004 ]
 [0.03017235]
 [0.03090674]
 [0.03160285]]"
Prediction Iceland,"[[0.00274398]
 [0.00328103]
 [0.00392238]
 [0.00468792]
 [0.00560121]
 [0.00669006]
 [0.00798722]
 [0.0095311 ]
 [0.01136662]
 [0.01354601]
 [0.01612969]
 [0.01918703]
 [0.02279701]
 [0.0270486 ]
 [0.03204071]
 [0.03788155]
 [0.04468713]
 [0.05257853]
 [0.06167788]
 [0.07210252]
 [0.08395748]
 [0.09732614]
 [0.11225961]
 [0.12876554]
 [0.14679754]
 [0.16624697]
 [0.18693866]
 [0.20863232]
 [0.23103045]
 [0.25379286]
 [0.27655652]
 [0.29895827]
 [0.32065771]
 [0.34135701]
 [0.36081545]
 [0.37885741]
 [0.39537381]
 [0.41031789]
 [0.42369694]
 [0.43556182]
 [0.44599574]
 [0.45510362]
 [0.46300274]
 [0.4698152 ]
 [0.47566214]
 [0.48065958]
 [0.4849158 ]
 [0.48852978]
 [0.49159057]
 [0.49417719]
 [0.49635909]
 [0.49819673]
 [0.49974242]
 [0.5010411 ]
 [0.50213123]
 [0.50304561]
 [0.50381206]
 [0.50445417]
 [0.50499186]
 [0.50544194]
 [0.50581857]
 [0.50613364]
 [0.50639716]
 [0.50661753]
 [0.50680177]
 [0.5069558 ]
 [0.50708455]]"
Prediction Indonesia,"[[5.48630214e-05]
 [5.94052563e-05]
 [6.43211210e-05]
 [6.96409303e-05]
 [7.53973863e-05]
 [8.16257546e-05]
 [8.83640501e-05]
 [9.56532348e-05]
 [1.03537426e-04]
 [1.12064117e-04]
 [1.21284406e-04]
 [1.31253243e-04]
 [1.42029676e-04]
 [1.53677121e-04]
 [1.66263630e-04]
 [1.79862172e-04]
 [1.94550921e-04]
 [2.10413549e-04]
 [2.27539517e-04]
 [2.46024370e-04]
 [2.65970025e-04]
 [2.87485052e-04]
 [3.10684938e-04]
 [3.35692333e-04]
 [3.62637267e-04]
 [3.91657334e-04]
 [4.22897828e-04]
 [4.56511820e-04]
 [4.92660175e-04]
 [5.31511480e-04]
 [5.73241876e-04]
 [6.18034781e-04]
 [6.66080475e-04]
 [7.17575541e-04]
 [7.72722138e-04]
 [8.31727080e-04]
 [8.94800705e-04]
 [9.62155524e-04]
 [1.03400462e-03]
 [1.11055976e-03]
 [1.19202931e-03]
 [1.27861574e-03]
 [1.37051299e-03]
 [1.46790344e-03]
 [1.57095472e-03]
 [1.67981616e-03]
 [1.79461518e-03]
 [1.91545345e-03]
 [2.04240296e-03]
 [2.17550214e-03]
 [2.31475203e-03]
 [2.46011267e-03]
 [2.61149973e-03]
 [2.76878170e-03]
 [2.93177749e-03]
 [3.10025484e-03]
 [3.27392943e-03]
 [3.45246494e-03]
 [3.63547408e-03]
 [3.82252067e-03]
 [4.01312276e-03]
 [4.20675677e-03]
 [4.40286273e-03]
 [4.60085031e-03]]"
Prediction Ireland,"[[0.00079174]
 [0.00090928]
 [0.00104423]
 [0.00119916]
 [0.00137702]
 [0.00158115]
 [0.00181544]
 [0.00208428]
 [0.00239273]
 [0.00274656]
 [0.00315236]
 [0.00361764]
 [0.00415099]
 [0.00476216]
 [0.00546226]
 [0.00626388]
 [0.00718132]
 [0.00823073]
 [0.00943036]
 [0.01080071]
 [0.01236482]
 [0.01414842]
 [0.01618015]
 [0.01849174]
 [0.02111812]
 [0.0240975 ]
 [0.02747135]
 [0.03128422]
 [0.0355835 ]
 [0.04041886]
 [0.04584153]
 [0.05190329]
 [0.05865509]
 [0.06614538]
 [0.07441804]
 [0.08351002]
 [0.09344868]
 [0.10424897]
 [0.11591061]
 [0.1284155 ]
 [0.14172552]
 [0.15578117]
 [0.17050104]
 [0.18578262]
 [0.20150435]
 [0.21752892]
 [0.23370784]
 [0.24988678]
 [0.26591142]
 [0.28163325]
 [0.29691498]
 [0.31163503]
 [0.32569088]
 [0.33900113]
 [0.35150625]
 [0.36316814]
 [0.37396868]
 [0.38390759]
 [0.39299982]
 [0.40127271]
 [0.40876321]
 [0.41551522]
 [0.42157717]
 [0.42700002]
 [0.43183554]
 [0.43613497]]"
Prediction Israel,"[[0.00017641]
 [0.00020566]
 [0.00023975]
 [0.00027949]
 [0.00032579]
 [0.00037976]
 [0.00044263]
 [0.00051589]
 [0.00060123]
 [0.00070064]
 [0.0008164 ]
 [0.00095118]
 [0.00110808]
 [0.00129067]
 [0.00150308]
 [0.00175011]
 [0.00203727]
 [0.0023709 ]
 [0.00275832]
 [0.00320787]
 [0.00372913]
 [0.00433298]
 [0.00503177]
 [0.00583944]
 [0.00677166]
 [0.00784588]
 [0.00908142]
 [0.01049946]
 [0.01212295]
 [0.01397642]
 [0.01608563]
 [0.01847709]
 [0.02117732]
 [0.02421194]
 [0.02760442]
 [0.03137469]
 [0.0355375 ]
 [0.04010065]
 [0.04506321]
 [0.05041391]
 [0.05612986]
 [0.06217582]
 [0.06850422]
 [0.07505608]
 [0.08176278]
 [0.08854873]
 [0.0953347 ]
 [0.10204145]
 [0.1085934 ]
 [0.11492193]
 [0.12096803]
 [0.12668414]
 [0.13203502]
 [0.13699777]
 [0.14156111]
 [0.14572411]
 [0.14949456]
 [0.15288721]
 [0.15592199]
 [0.15862238]
 [0.16101398]
 [0.16312332]
 [0.16497689]
 [0.16660049]
 [0.16801862]
 [0.16925424]
 [0.17032854]
 [0.17126082]
 [0.17206855]
 [0.17276738]
 [0.17337127]
 [0.17389257]
 [0.17434215]
 [0.17472959]]"
Prediction Italy,"[[0.00033371]
 [0.00037375]
 [0.0004186 ]
 [0.00046881]
 [0.00052504]
 [0.000588  ]
 [0.0006585 ]
 [0.00073743]
 [0.0008258 ]
 [0.00092473]
 [0.00103548]
 [0.00115944]
 [0.00129819]
 [0.00145347]
 [0.00162723]
 [0.00182165]
 [0.00203916]
 [0.00228246]
 [0.00255458]
 [0.00285886]
 [0.00319904]
 [0.00357927]
 [0.00400414]
 [0.00447878]
 [0.00500884]
 [0.00560057]
 [0.0062609 ]
 [0.00699744]
 [0.00781859]
 [0.00873356]
 [0.00975244]
 [0.01088626]
 [0.01214703]
 [0.01354776]
 [0.01510254]
 [0.01682649]
 [0.01873583]
 [0.02084776]
 [0.02318048]
 [0.02575302]
 [0.02858516]
 [0.03169715]
 [0.03510952]
 [0.03884268]
 [0.04291658]
 [0.04735016]
 [0.05216084]
 [0.05736386]
 [0.06297162]
 [0.06899287]
 [0.07543206]
 [0.08228849]
 [0.08955571]
 [0.09722086]
 [0.1052643 ]
 [0.11365927]
 [0.12237196]
 [0.13136175]
 [0.1405817 ]
 [0.14997945]
 [0.15949828]
 [0.16907844]
 [0.17865861]
 [0.18817747]
 [0.19757527]
 [0.20679529]
 [0.21578516]
 [0.22449795]
 [0.23289304]
 [0.24093659]
 [0.24860188]
 [0.25586923]
 [0.2627258 ]
 [0.26916513]
 [0.27518653]
 [0.28079442]
 [0.28599758]
 [0.29080839]
 [0.29524209]
 [0.2993161 ]
 [0.30304938]
 [0.30646185]
 [0.30957394]
 [0.31240616]
 [0.3149788 ]
 [0.31731159]
 [0.31942359]
 [0.32133299]
 [0.32305701]
 [0.32461184]
 [0.32601262]
 [0.32727343]
 [0.32840729]
 [0.32942621]
 [0.33034121]]"
Prediction Jordan,"[[0.00057209]
 [0.00059966]
 [0.00062846]
 [0.00065856]
 [0.00068998]
 [0.00072279]
 [0.00075704]
 [0.00079277]
 [0.00083003]
 [0.00086887]
 [0.00090936]
 [0.00095153]
 [0.00099545]
 [0.00104116]
 [0.00108871]
 [0.00113816]
 [0.00118955]
 [0.00124294]
 [0.00129837]
 [0.00135588]
 [0.00141553]
 [0.00147736]
 [0.0015414 ]
 [0.00160769]
 [0.00167626]
 [0.00174715]
 [0.00182038]
 [0.00189597]
 [0.00197394]
 [0.0020543 ]
 [0.00213706]
 [0.00222222]
 [0.00230977]
 [0.00239971]
 [0.00249201]
 [0.00258664]
 [0.00268359]
 [0.00278279]
 [0.00288422]
 [0.00298781]
 [0.00309349]
 [0.0032012 ]
 [0.00331086]
 [0.00342237]
 [0.00353566]
 [0.0036506 ]
 [0.00376709]
 [0.00388502]
 [0.00400426]
 [0.00412468]
 [0.00424615]
 [0.00436853]
 [0.00449167]
 [0.00461543]
 [0.00473964]
 [0.00486417]
 [0.00498886]
 [0.00511354]
 [0.00523807]
 [0.00536229]
 [0.00548605]
 [0.00560919]
 [0.00573156]]"
Prediction Kazakhstan,"[[0.00026793]
 [0.00029588]
 [0.00032672]
 [0.00036075]
 [0.00039829]
 [0.00043968]
 [0.00048533]
 [0.00053566]
 [0.00059112]
 [0.00065223]
 [0.00071954]
 [0.00079366]
 [0.00087524]
 [0.000965  ]
 [0.00106372]
 [0.00117223]
 [0.00129144]
 [0.00142233]
 [0.00156595]
 [0.00172342]
 [0.00189595]
 [0.0020848 ]
 [0.00229132]
 [0.00251695]
 [0.00276316]
 [0.0030315 ]
 [0.00332356]
 [0.00364099]
 [0.00398543]
 [0.00435854]
 [0.00476195]
 [0.00519724]
 [0.0056659 ]
 [0.00616931]
 [0.00670869]
 [0.00728503]
 [0.00789911]
 [0.00855138]
 [0.00924195]
 [0.00997056]
 [0.01073649]
 [0.01153859]
 [0.01237517]
 [0.01324409]
 [0.01414268]
 [0.01506777]
 [0.01601575]
 [0.01698259]
 [0.0179639 ]
 [0.01895502]
 [0.01995109]
 [0.02094716]
 [0.02193828]]"
Prediction Latvia,"[[0.00034883]
 [0.00040819]
 [0.00047752]
 [0.00055847]
 [0.00065292]
 [0.00076305]
 [0.00089134]
 [0.00104064]
 [0.00121418]
 [0.00141565]
 [0.00164916]
 [0.00191932]
 [0.00223122]
 [0.00259045]
 [0.00300303]
 [0.00347537]
 [0.00401416]
 [0.00462618]
 [0.00531809]
 [0.00609613]
 [0.00696577]
 [0.00793126]
 [0.0089952 ]
 [0.01015799]
 [0.01141746]
 [0.0127684 ]
 [0.01420242]
 [0.01570783]
 [0.01726993]
 [0.0188714 ]
 [0.02049305]
 [0.02211471]
 [0.02371618]
 [0.02527828]
 [0.0267837 ]
 [0.02821773]
 [0.02956868]
 [0.03082815]
 [0.03199096]
 [0.0330549 ]
 [0.03402041]
 [0.03489005]
 [0.0356681 ]
 [0.03636002]
 [0.03697204]
 [0.03751084]
 [0.03798319]
 [0.03839578]
 [0.03875501]
 [0.03906692]
 [0.03933708]
 [0.03957059]
 [0.03977206]
 [0.03994561]
 [0.04009491]
 [0.0402232 ]
 [0.04033333]
 [0.04042778]
 [0.04050873]
 [0.04057807]
 [0.04063742]
 [0.04068821]
 [0.04073165]
 [0.04076879]]"
Prediction Lithuania,"[[0.0001438 ]
 [0.00016838]
 [0.00019715]
 [0.0002308 ]
 [0.00027017]
 [0.00031621]
 [0.00037004]
 [0.00043296]
 [0.00050647]
 [0.0005923 ]
 [0.00069249]
 [0.00080934]
 [0.00094554]
 [0.00110414]
 [0.00128866]
 [0.00150307]
 [0.00175188]
 [0.00204016]
 [0.00237357]
 [0.00275835]
 [0.00320136]
 [0.00370997]
 [0.00429204]
 [0.00495574]
 [0.00570936]
 [0.00656104]
 [0.0075184 ]
 [0.00858808]
 [0.00977526]
 [0.01108305]
 [0.01251192]
 [0.01405913]
 [0.0157183 ]
 [0.0174791 ]
 [0.01932722]
 [0.02124466]
 [0.02321024]
 [0.02520048]
 [0.02719073]
 [0.02915631]
 [0.03107374]
 [0.03292187]
 [0.03468266]
 [0.03634183]
 [0.03788904]
 [0.0393179 ]
 [0.04062569]
 [0.04181286]
 [0.04288254]
 [0.04383989]
 [0.04469157]
 [0.04544519]
 [0.04610889]
 [0.04669096]
 [0.04719957]
 [0.04764257]
 [0.04802735]
 [0.04836075]
 [0.04864904]
 [0.04889785]
 [0.04911226]
 [0.04929677]
 [0.04945538]
 [0.04959157]
 [0.04970842]
 [0.04980861]
 [0.04989444]]"
Prediction Luxembourg,"[[0.00220929]
 [0.00266082]
 [0.00320415]
 [0.00385771]
 [0.00464354]
 [0.00558794]
 [0.00672225]
 [0.0080837 ]
 [0.00971636]
 [0.01167229]
 [0.01401261]
 [0.01680879]
 [0.02014379]
 [0.02411316]
 [0.02882588]
 [0.03440473]
 [0.04098593]
 [0.04871777]
 [0.05775775]
 [0.06826778]
 [0.08040718]
 [0.09432296]
 [0.1101375 ]
 [0.12793395]
 [0.14774037]
 [0.1695142 ]
 [0.19312946]
 [0.21836932]
 [0.24492656]
 [0.27241365]
 [0.3003826 ]
 [0.32835287]
 [0.35584384]
 [0.38240725]
 [0.4076552 ]
 [0.43127998]
 [0.45306426]
 [0.47288158]
 [0.49068895]
 [0.5065141 ]
 [0.52043991]
 [0.5325886 ]
 [0.54310708]
 [0.55215462]
 [0.55989316]
 [0.56648021]
 [0.57206414]
 [0.57678123]
 [0.58075434]
 [0.58409252]
 [0.5868914 ]
 [0.589234  ]
 [0.59119184]
 [0.59282612]
 [0.59418892]
 [0.59532436]
 [0.59626971]
 [0.59705632]
 [0.59771054]
 [0.59825441]
 [0.5987064 ]
 [0.59908193]
 [0.59939385]
 [0.59965289]
 [0.59986798]
 [0.60004655]]"
Prediction Madagascar,"[[8.16257063e-05]
 [8.57748486e-05]
 [9.01329806e-05]
 [9.47104295e-05]
 [9.95180119e-05]
 [1.04567055e-04]
 [1.09869419e-04]
 [1.15437517e-04]
 [1.21284341e-04]
 [1.27423485e-04]
 [1.33869168e-04]
 [1.40636260e-04]
 [1.47740306e-04]
 [1.55197554e-04]
 [1.63024981e-04]
 [1.71240319e-04]
 [1.79862085e-04]
 [1.88909604e-04]
 [1.98403041e-04]
 [2.08363427e-04]
 [2.18812691e-04]
 [2.29773679e-04]
 [2.41270193e-04]
 [2.53327010e-04]
 [2.65969912e-04]
 [2.79225712e-04]
 [2.93122280e-04]
 [3.07688565e-04]
 [3.22954616e-04]
 [3.38951609e-04]
 [3.55711858e-04]
 [3.73268837e-04]
 [3.91657189e-04]
 [4.10912741e-04]
 [4.31072505e-04]
 [4.52174688e-04]
 [4.74258682e-04]
 [4.97365063e-04]
 [5.21535575e-04]
 [5.46813113e-04]
 [5.73241697e-04]
 [6.00866436e-04]
 [6.29733491e-04]
 [6.59890021e-04]
 [6.91384125e-04]
 [7.24264770e-04]]"
Prediction Malta,"[[0.00206869]
 [0.00235588]
 [0.00268184]
 [0.00305149]
 [0.00347027]
 [0.00394418]
 [0.0044798 ]
 [0.0050843 ]
 [0.00576543]
 [0.00653152]
 [0.00739141]
 [0.00835436]
 [0.00942996]
 [0.01062795]
 [0.01195799]
 [0.01342941]
 [0.01505087]
 [0.01682995]
 [0.01877274]
 [0.02088335]
 [0.02316342]
 [0.02561164]
 [0.02822331]
 [0.03099006]
 [0.03389957]
 [0.0369356 ]
 [0.04007818]
 [0.04330394]
 [0.04658679]
 [0.0498987 ]
 [0.05321061]
 [0.05649346]
 [0.05971923]
 [0.0628618 ]
 [0.06589784]
 [0.06880734]
 [0.07157409]
 [0.07418576]
 [0.07663398]
 [0.07891404]
 [0.08102465]
 [0.08296744]
 [0.08474652]
 [0.08636798]
 [0.0878394 ]
 [0.08916944]
 [0.09036743]
 [0.09144303]
 [0.09240598]
 [0.09326586]
 [0.09403195]
 [0.09471309]
 [0.09531759]
 [0.0958532 ]
 [0.09632711]
 [0.09674589]
 [0.09711555]
 [0.09744151]
 [0.09772869]]"
Prediction Mexico,"[[4.12211111e-05]
 [4.55524245e-05]
 [5.03383926e-05]
 [5.56266388e-05]
 [6.14697524e-05]
 [6.79258015e-05]
 [7.50588977e-05]
 [8.29398180e-05]
 [9.16466883e-05]
 [1.01265736e-04]
 [1.11892115e-04]
 [1.23630816e-04]
 [1.36597664e-04]
 [1.50920406e-04]
 [1.66739915e-04]
 [1.84211502e-04]
 [2.03506345e-04]
 [2.24813065e-04]
 [2.48339433e-04]
 [2.74314233e-04]
 [3.02989295e-04]
 [3.34641692e-04]
 [3.69576132e-04]
 [4.08127533e-04]
 [4.50663811e-04]
 [4.97588865e-04]
 [5.49345787e-04]
 [6.06420278e-04]
 [6.69344282e-04]
 [7.38699825e-04]
 [8.15123044e-04]
 [8.99308394e-04]
 [9.92012987e-04]
 [1.09406103e-03]
 [1.20634833e-03]
 [1.32984668e-03]
 [1.46560827e-03]
 [1.61476967e-03]
 [1.77855558e-03]
 [1.95828190e-03]
 [2.15535813e-03]
 [2.37128863e-03]
 [2.60767269e-03]
 [2.86620285e-03]
 [3.14866134e-03]
 [3.45691400e-03]
 [3.79290139e-03]
 [4.15862657e-03]
 [4.55613911e-03]
 [4.98751478e-03]
 [5.45483060e-03]
 [5.96013481e-03]
 [6.50541154e-03]
 [7.09254013e-03]
 [7.72324914e-03]
 [8.39906558e-03]
 [9.12125991e-03]
 [9.89078813e-03]
 [1.07082322e-02]
 [1.15737409e-02]
 [1.24869735e-02]
 [1.34470484e-02]
 [1.44525008e-02]
 [1.55012504e-02]
 [1.65905844e-02]
 [1.77171561e-02]
 [1.88770033e-02]]"
Prediction Moldova,"[[0.00084134]
 [0.00095642]
 [0.00108713]
 [0.00123557]
 [0.00140412]
 [0.00159543]
 [0.00181252]
 [0.00205879]
 [0.00233804]
 [0.00265455]
 [0.00301313]
 [0.00341914]
 [0.00387857]
 [0.00439806]
 [0.004985  ]
 [0.00564755]
 [0.00639468]
 [0.00723622]
 [0.00818284]
 [0.00924613]
 [0.01043849]
 [0.01177313]
 [0.01326393]
 [0.01492534]
 [0.01677212]
 [0.01881909]
 [0.02108079]
 [0.02357101]
 [0.0263023 ]
 [0.02928537]
 [0.03252844]
 [0.03603654]
 [0.03981081]
 [0.04384783]
 [0.04813905]
 [0.05267034]
 [0.05742176]
 [0.06236761]
 [0.06747666]
 [0.07271286]
 [0.07803617]
 [0.08340376]
 [0.08877134]
 [0.09409466]
 [0.09933086]
 [0.10443992]
 [0.10938578]
 [0.11413722]
 [0.11866852]
 [0.12295975]
 [0.12699678]
 [0.13077107]
 [0.13427918]
 [0.13752226]
 [0.14050535]
 [0.14323665]
 [0.14572688]
 [0.14798859]]"
Prediction Mongolia,"[[0.00017986]
 [0.00018707]
 [0.00019455]
 [0.00020233]
 [0.00021041]
 [0.00021881]
 [0.00022754]
 [0.00023661]
 [0.00024602]
 [0.00025581]
 [0.00026597]
 [0.00027652]
 [0.00028748]
 [0.00029887]
 [0.00031068]
 [0.00032295]
 [0.00033569]
 [0.00034891]
 [0.00036264]
 [0.00037688]
 [0.00039166]
 [0.00040699]
 [0.0004229 ]
 [0.0004394 ]
 [0.00045651]
 [0.00047426]
 [0.00049266]
 [0.00051174]
 [0.00053151]
 [0.00055201]
 [0.00057324]
 [0.00059524]
 [0.00061803]
 [0.00064164]
 [0.00066608]
 [0.00069138]
 [0.00071758]
 [0.00074468]
 [0.00077272]
 [0.00080173]
 [0.00083173]
 [0.00086274]
 [0.0008948 ]
 [0.00092793]
 [0.00096216]
 [0.0009975 ]
 [0.001034  ]
 [0.00107168]
 [0.00111056]
 [0.00115067]
 [0.00119203]
 [0.00123467]
 [0.00127862]
 [0.00132389]
 [0.00137051]
 [0.00141851]]"
Prediction Norway,"[[0.00172319]
 [0.0019814 ]
 [0.00227767]
 [0.00261741]
 [0.00300671]
 [0.00345246]
 [0.00396239]
 [0.00454513]
 [0.0052103 ]
 [0.00596853]
 [0.00683151]
 [0.00781201]
 [0.00892382]
 [0.01018169]
 [0.0116012 ]
 [0.01319852]
 [0.01499013]
 [0.01699239]
 [0.01922104]
 [0.02169052]
 [0.02441325]
 [0.02739873]
 [0.03065263]
 [0.03417587]
 [0.03796372]
 [0.04200504]
 [0.04628179]
 [0.05076881]
 [0.05543405]
 [0.06023917]
 [0.06514067]
 [0.07009134]
 [0.07504202]
 [0.07994357]
 [0.08474876]
 [0.08941409]
 [0.09390123]
 [0.0981781 ]
 [0.10221957]
 [0.10600756]
 [0.10953096]
 [0.11278502]
 [0.11577065]
 [0.11849352]
 [0.12096315]
 [0.12319194]
 [0.12519433]
 [0.12698605]
 [0.12858348]
 [0.13000308]
 [0.13126104]
 [0.13237293]
 [0.1333535 ]
 [0.13421655]
 [0.13497484]
 [0.13564005]
 [0.13622284]
 [0.13673281]
 [0.1371786 ]
 [0.13756793]
 [0.13790769]
 [0.13820399]
 [0.13846222]
 [0.13868717]
 [0.13888303]
 [0.1390535 ]
 [0.13920181]
 [0.13933082]
 [0.139443  ]]"
Prediction Pakistan,"[[5.84236072e-05]
 [6.32789861e-05]
 [6.85369550e-05]
 [7.42307354e-05]
 [8.03962625e-05]
 [8.70724024e-05]
 [9.43011851e-05]
 [1.02128056e-04]
 [1.10602144e-04]
 [1.19776556e-04]
 [1.29708680e-04]
 [1.40460527e-04]
 [1.52099082e-04]
 [1.64696691e-04]
 [1.78331464e-04]
 [1.93087720e-04]
 [2.09056443e-04]
 [2.26335786e-04]
 [2.45031592e-04]
 [2.65257956e-04]
 [2.87137819e-04]
 [3.10803590e-04]
 [3.36397808e-04]
 [3.64073836e-04]
 [3.93996586e-04]
 [4.26343281e-04]
 [4.61304241e-04]
 [4.99083703e-04]
 [5.39900660e-04]
 [5.83989725e-04]
 [6.31602005e-04]
 [6.83005984e-04]
 [7.38488399e-04]
 [7.98355112e-04]
 [8.62931943e-04]
 [9.32565471e-04]
 [1.00762377e-03]
 [1.08849705e-03]
 [1.17559824e-03]
 [1.26936333e-03]
 [1.37025169e-03]
 [1.47874605e-03]
 [1.59535231e-03]
 [1.72059904e-03]
 [1.85503664e-03]
 [1.99923609e-03]
 [2.15378728e-03]
 [2.31929683e-03]
 [2.49638531e-03]
 [2.68568387e-03]
 [2.88783018e-03]
 [3.10346357e-03]
 [3.33321950e-03]
 [3.57772310e-03]
 [3.83758190e-03]
 [4.11337778e-03]
 [4.40565794e-03]
 [4.71492523e-03]
 [5.04162772e-03]
 [5.38614763e-03]
 [5.74878992e-03]
 [6.12977052e-03]
 [6.52920464e-03]
 [6.94709527e-03]
 [7.38332237e-03]
 [7.83763285e-03]
 [8.30963193e-03]
 [8.79877619e-03]
 [9.30436858e-03]]"
Prediction Paraguay,"[[0.00018145]
 [0.00019435]
 [0.00020815]
 [0.0002229 ]
 [0.00023868]
 [0.00025554]
 [0.00027356]
 [0.00029282]
 [0.00031338]
 [0.00033534]
 [0.00035878]
 [0.0003838 ]
 [0.00041048]
 [0.00043894]
 [0.00046927]
 [0.00050159]
 [0.00053601]
 [0.00057264]
 [0.00061162]
 [0.00065307]
 [0.00069712]
 [0.0007439 ]
 [0.00079355]
 [0.00084622]
 [0.00090204]
 [0.00096115]
 [0.0010237 ]
 [0.00108983]
 [0.00115967]
 [0.00123338]
 [0.00131107]
 [0.00139288]
 [0.00147892]
 [0.00156931]
 [0.00166414]
 [0.0017635 ]
 [0.00186747]
 [0.00197609]
 [0.0020894 ]
 [0.00220742]
 [0.00233014]
 [0.00245753]
 [0.00258953]
 [0.00272605]
 [0.00286699]
 [0.00301218]
 [0.00316147]
 [0.00331464]
 [0.00347146]
 [0.00363166]
 [0.00379495]
 [0.003961  ]
 [0.00412948]
 [0.00430002]
 [0.00447222]
 [0.00464569]
 [0.00482   ]
 [0.00499475]]"
Prediction Peru,"[[0.0003804 ]
 [0.0004244 ]
 [0.00047349]
 [0.00052824]
 [0.00058932]
 [0.00065745]
 [0.00073343]
 [0.00081818]
 [0.00091269]
 [0.00101808]
 [0.00113561]
 [0.00126665]
 [0.00141275]
 [0.00157562]
 [0.00175718]
 [0.00195953]
 [0.00218503]
 [0.0024363 ]
 [0.00271623]
 [0.00302803]
 [0.00337527]
 [0.00376189]
 [0.00419224]
 [0.00467113]
 [0.00520389]
 [0.00579636]
 [0.00645498]
 [0.00718682]
 [0.00799966]
 [0.00890197]
 [0.00990302]
 [0.01101289]
 [0.01224254]
 [0.01360382]
 [0.01510949]
 [0.01677324]
 [0.0186097 ]
 [0.02063441]
 [0.02286373]
 [0.02531483]
 [0.0280055 ]
 [0.03095404]
 [0.03417903]
 [0.03769904]
 [0.04153237]
 [0.04569658]
 [0.05020812]
 [0.05508175]
 [0.06033002]
 [0.06596264]
 [0.07198586]
 [0.0784018 ]
 [0.08520788]
 [0.09239623]
 [0.09995326]
 [0.10785928]
 [0.11608841]
 [0.12460859]
 [0.13338184]
 [0.14236479]]"
Prediction Poland,"[[0.0003497 ]
 [0.00039   ]
 [0.00043489]
 [0.00048488]
 [0.00054055]
 [0.00060251]
 [0.00067145]
 [0.00074813]
 [0.00083338]
 [0.00092812]
 [0.00103334]
 [0.00115014]
 [0.00127971]
 [0.00142335]
 [0.00158245]
 [0.00175853]
 [0.00195321]
 [0.00216822]
 [0.0024054 ]
 [0.00266671]
 [0.00295418]
 [0.00326993]
 [0.00361615]
 [0.00399505]
 [0.00440886]
 [0.00485976]
 [0.00534986]
 [0.00588115]
 [0.00645539]
 [0.00707412]
 [0.00773852]
 [0.00844935]
 [0.00920691]
 [0.01001092]
 [0.01086046]
 [0.01175395]
 [0.01268905]
 [0.0136627 ]
 [0.01467109]
 [0.01570969]
 [0.01677335]
 [0.01785631]
 [0.01895242]
 [0.02005517]
 [0.02115793]
 [0.02225403]
 [0.023337  ]
 [0.02440065]
 [0.02543926]
 [0.02644765]
 [0.0274213 ]
 [0.0283564 ]
 [0.02924988]
 [0.03009943]
 [0.03090343]
 [0.03166099]
 [0.03237183]
 [0.03303622]
 [0.03365495]
 [0.0342292 ]
 [0.03476048]
 [0.03525059]]"
Prediction Portugal,"[[0.00160455]
 [0.00183088]
 [0.00208886]
 [0.00238285]
 [0.00271777]
 [0.00309917]
 [0.00353335]
 [0.00402735]
 [0.00458916]
 [0.00522767]
 [0.00595288]
 [0.00677594]
 [0.00770921]
 [0.00876643]
 [0.00996271]
 [0.01131463]
 [0.01284025]
 [0.01455912]
 [0.0164922 ]
 [0.01866172]
 [0.02109105]
 [0.0238043 ]
 [0.02682597]
 [0.03018038]
 [0.03389101]
 [0.03797959]
 [0.0424652 ]
 [0.04736313]
 [0.05268367]
 [0.0584309 ]
 [0.06460148]
 [0.07118356]
 [0.07815597]
 [0.08548773]
 [0.09313793]
 [0.10105625]
 [0.1091839 ]
 [0.11745522]
 [0.12579965]
 [0.13414406]
 [0.14241536]
 [0.15054298]
 [0.15846125]
 [0.16611139]
 [0.17344308]
 [0.18041542]
 [0.18699742]
 [0.19316791]
 [0.19891505]
 [0.20423551]
 [0.20913336]
 [0.21361889]
 [0.21770739]
 [0.22141794]
 [0.22477229]
 [0.2277939 ]
 [0.23050709]
 [0.23293636]
 [0.23510583]
 [0.23703886]
 [0.23875769]
 [0.24028328]
 [0.24163516]
 [0.24283142]]"
Prediction Romania,"[[0.00019767]
 [0.0002228 ]
 [0.00025112]
 [0.00028303]
 [0.00031897]
 [0.00035945]
 [0.00040504]
 [0.00045637]
 [0.00051417]
 [0.00057922]
 [0.00065242]
 [0.00073478]
 [0.00082742]
 [0.00093158]
 [0.00104865]
 [0.0011802 ]
 [0.00132793]
 [0.00149375]
 [0.00167979]
 [0.00188837]
 [0.00212205]
 [0.00238366]
 [0.00267627]
 [0.00300322]
 [0.00336816]
 [0.00377498]
 [0.00422787]
 [0.00473128]
 [0.00528989]
 [0.00590859]
 [0.00659239]
 [0.00734642]
 [0.00817576]
 [0.00908538]
 [0.01008   ]
 [0.0111639 ]
 [0.01234079]
 [0.01361357]
 [0.01498415]
 [0.01645323]
 [0.01802009]
 [0.01968243]
 [0.02143621]
 [0.02327552]
 [0.02519262]
 [0.0271779 ]
 [0.02922006]
 [0.03130632]
 [0.03342269]
 [0.03555433]
 [0.03768596]
 [0.03980233]
 [0.04188859]
 [0.04393076]
 [0.04591604]
 [0.04783313]
 [0.04967244]
 [0.05142622]
 [0.05308856]
 [0.05465543]
 [0.0561245 ]
 [0.05749508]
 [0.05876786]
 [0.05994475]
 [0.06102865]
 [0.06202327]
 [0.06293289]
 [0.06376223]
 [0.06451626]]"
Prediction Slovenia,"[[0.00242916]
 [0.00274712]
 [0.00310479]
 [0.00350658]
 [0.00395729]
 [0.00446201]
 [0.00502619]
 [0.00565553]
 [0.00635592]
 [0.00713339]
 [0.00799396]
 [0.00894351]
 [0.00998761]
 [0.01113127]
 [0.01237874]
 [0.01373325]
 [0.01519669]
 [0.01676935]
 [0.0184497 ]
 [0.02023407]
 [0.02211656]
 [0.02408893]
 [0.0261406 ]
 [0.02825878]
 [0.03042874]
 [0.03263416]
 [0.0348576 ]
 [0.03708103]
 [0.03928645]
 [0.0414564 ]
 [0.04357457]
 [0.04562623]
 [0.04759858]
 [0.04948106]
 [0.05126542]
 [0.05294575]
 [0.0545184 ]
 [0.05598182]
 [0.05733631]
 [0.05858377]
 [0.05972741]
 [0.06077149]
 [0.06172103]
 [0.06258159]
 [0.06335904]
 [0.06405942]
 [0.06468875]
 [0.06525292]
 [0.06575763]
 [0.06620833]
 [0.06661012]
 [0.06696777]
 [0.06728573]
 [0.06756807]
 [0.06781852]
 [0.06804047]
 [0.06823701]
 [0.06841092]
 [0.06856472]
 [0.06870064]
 [0.0688207 ]]"
Prediction Spain,"[[3.79196086e-05]
 [4.41205470e-05]
 [5.13354012e-05]
 [5.97299162e-05]
 [6.94969169e-05]
 [8.08607275e-05]
 [9.40823105e-05]
 [1.09465241e-04]
 [1.27362653e-04]
 [1.48185312e-04]
 [1.72410999e-04]
 [2.00595409e-04]
 [2.33384820e-04]
 [2.71530798e-04]
 [3.15907274e-04]
 [3.67530360e-04]
 [4.27581342e-04]
 [4.97433338e-04]
 [5.78682186e-04]
 [6.73182228e-04]
 [7.83087701e-04]
 [9.10900604e-04]
 [1.05952597e-03]
 [1.23233561e-03]
 [1.43324156e-03]
 [1.66678046e-03]
 [1.93821042e-03]
 [2.25362188e-03]
 [2.62006409e-03]
 [3.04568898e-03]
 [3.53991416e-03]
 [4.11360658e-03]
 [4.77928830e-03]
 [5.55136551e-03]
 [6.44638089e-03]
 [7.48328887e-03]
 [8.68375159e-03]
 [1.00724514e-02]
 [1.16774131e-02]
 [1.35303248e-02]
 [1.56668431e-02]
 [1.81268595e-02]
 [2.09547005e-02]
 [2.41992237e-02]
 [2.79137620e-02]
 [3.21558584e-02]
 [3.69867254e-02]
 [4.24703518e-02]
 [4.86721813e-02]
 [5.56572878e-02]
 [6.34879925e-02]
 [7.22208971e-02]
 [8.19033608e-02]
 [9.25695195e-02]
 [1.04236037e-01]
 [1.16897879e-01]
 [1.30524497e-01]
 [1.45056878e-01]
 [1.60405955e-01]
 [1.76452795e-01]
 [1.93050875e-01]
 [2.10030526e-01]
 [2.27205361e-01]
 [2.44380223e-01]
 [2.61359952e-01]
 [2.77958158e-01]
 [2.94005167e-01]
 [3.09354449e-01]
 [3.23887064e-01]
 [3.37513934e-01]
 [3.50176041e-01]
 [3.61842828e-01]
 [3.72509254e-01]
 [3.82191978e-01]
 [3.90925132e-01]
 [3.98756072e-01]
 [4.05741398e-01]
 [4.11943429e-01]
 [4.17427240e-01]
 [4.22258274e-01]
 [4.26500520e-01]
 [4.30215192e-01]
 [4.33459835e-01]
 [4.36287781e-01]
 [4.38747890e-01]
 [4.40884490e-01]
 [4.42737473e-01]
 [4.44342497e-01]
 [4.45731251e-01]
 [4.46931761e-01]
 [4.47968710e-01]
 [4.48863760e-01]
 [4.49635868e-01]
 [4.50301577e-01]]"
Prediction Sweden,"[[1.30076178e-04]
 [1.43513292e-04]
 [1.58337617e-04]
 [1.74692176e-04]
 [1.92734698e-04]
 [2.12639119e-04]
 [2.34597237e-04]
 [2.58820535e-04]
 [2.85542184e-04]
 [3.15019247e-04]
 [3.47535103e-04]
 [3.83402115e-04]
 [4.22964557e-04]
 [4.66601832e-04]
 [5.14732003e-04]
 [5.67815672e-04]
 [6.26360230e-04]
 [6.90924515e-04]
 [7.62123919e-04]
 [8.40635968e-04]
 [9.27206434e-04]
 [1.02265600e-03]
 [1.12788753e-03]
 [1.24389402e-03]
 [1.37176722e-03]
 [1.51270698e-03]
 [1.66803147e-03]
 [1.83918817e-03]
 [2.02776574e-03]
 [2.23550685e-03]
 [2.46432197e-03]
 [2.71630407e-03]
 [2.99374437e-03]
 [3.29914905e-03]
 [3.63525692e-03]
 [4.00505797e-03]
 [4.41181278e-03]
 [4.85907259e-03]
 [5.35069987e-03]
 [5.89088925e-03]
 [6.48418832e-03]
 [7.13551805e-03]
 [7.85019236e-03]
 [8.63393611e-03]
 [9.49290083e-03]
 [1.04336774e-02]
 [1.14633045e-02]
 [1.25892718e-02]
 [1.38195161e-02]
 [1.51624096e-02]
 [1.66267376e-02]
 [1.82216644e-02]
 [1.99566855e-02]
 [2.18415624e-02]
 [2.38862406e-02]
 [2.61007462e-02]
 [2.84950605e-02]
 [3.10789710e-02]
 [3.38618976e-02]
 [3.68526949e-02]
 [4.00594296e-02]
 [4.34891378e-02]
 [4.71475636e-02]
 [5.10388863e-02]
 [5.51654416e-02]
 [5.95274485e-02]
 [6.41227496e-02]
 [6.89465800e-02]
 [7.39913757e-02]
 [7.92466367e-02]
 [8.46988561e-02]
 [9.03315277e-02]
 [9.61252399e-02]
 [1.02057861e-01]
 [1.08104817e-01]
 [1.14239457e-01]
 [1.20433496e-01]
 [1.26657521e-01]
 [1.32881546e-01]
 [1.39075584e-01]
 [1.45210221e-01]
 [1.51257175e-01]
 [1.57189793e-01]
 [1.62983501e-01]
 [1.68616168e-01]
 [1.74068382e-01]
 [1.79323638e-01]
 [1.84368428e-01]
 [1.89192252e-01]
 [1.93787547e-01]
 [1.98149548e-01]
 [2.02276097e-01]
 [2.06167413e-01]
 [2.09825833e-01]
 [2.13255535e-01]]"
Prediction Switzerland,"[[0.00152286]
 [0.00178366]
 [0.00208884]
 [0.00244587]
 [0.0028634 ]
 [0.0033515 ]
 [0.00392183]
 [0.00458789]
 [0.00536526]
 [0.00627187]
 [0.00732831]
 [0.00855813]
 [0.00998812]
 [0.01164862]
 [0.01357379]
 [0.01580177]
 [0.01837481]
 [0.02133915]
 [0.02474482]
 [0.02864502]
 [0.03309521]
 [0.03815179]
 [0.04387016]
 [0.05030234]
 [0.05749389]
 [0.0654804 ]
 [0.0742836 ]
 [0.08390727]
 [0.09433346]
 [0.10551933]
 [0.11739523]
 [0.12986436]
 [0.14280453]
 [0.15607195]
 [0.16950717]
 [0.18294243]
 [0.19620999]
 [0.20915037]
 [0.2216198 ]
 [0.23349605]
 [0.24468232]
 [0.25510894]
 [0.26473305]
 [0.2735367 ]
 [0.28152366]
 [0.28871563]
 [0.29514821]
 [0.30086697]
 [0.30592389]
 [0.3103744 ]
 [0.31427488]
 [0.31768081]
 [0.32064538]
 [0.32321861]
 [0.32544678]
 [0.3273721 ]
 [0.32903274]
 [0.33046284]
 [0.33169276]
 [0.33274929]
 [0.33365598]
 [0.33443341]
 [0.33509953]
 [0.3356699 ]
 [0.33615805]
 [0.33657561]
 [0.33693267]
 [0.33723789]
 [0.33749871]
 [0.33772154]]"
Prediction Thailand,[]
Prediction Tunisia,"[[0.00018222]
 [0.00020296]
 [0.00022602]
 [0.00025162]
 [0.00028004]
 [0.00031156]
 [0.0003465 ]
 [0.0003852 ]
 [0.00042802]
 [0.00047537]
 [0.00052765]
 [0.00058532]
 [0.00064885]
 [0.00071873]
 [0.00079548]
 [0.00087963]
 [0.00097171]
 [0.00107226]
 [0.00118182]
 [0.00130089]
 [0.00142996]
 [0.00156945]
 [0.00171973]
 [0.00188109]
 [0.00205372]
 [0.00223767]
 [0.00243289]
 [0.00263915]
 [0.00285607]
 [0.00308307]
 [0.00331942]
 [0.00356419]
 [0.00381628]
 [0.00407445]
 [0.00433729]
 [0.00460332]
 [0.00487096]
 [0.0051386 ]
 [0.00540463]
 [0.00566748]
 [0.00592564]
 [0.00617774]
 [0.00642251]
 [0.00665886]
 [0.00688586]
 [0.00710277]
 [0.00730903]
 [0.00750425]
 [0.00768821]
 [0.00786083]
 [0.00802219]
 [0.00817248]
 [0.00831197]
 [0.00844103]
 [0.0085601 ]
 [0.00866966]
 [0.00877022]
 [0.0088623 ]
 [0.00894645]
 [0.0090232 ]
 [0.00909308]
 [0.00915661]]"
Prediction Turkey,"[[0.0007488 ]
 [0.00087158]
 [0.00101436]
 [0.00118036]
 [0.00137328]
 [0.00159741]
 [0.00185769]
 [0.00215978]
 [0.00251021]
 [0.00291643]
 [0.00338694]
 [0.00393143]
 [0.00456086]
 [0.00528757]
 [0.00612544]
 [0.00708987]
 [0.00819791]
 [0.00946819]
 [0.01092088]
 [0.01257747]
 [0.01446049]
 [0.01659309]
 [0.01899832]
 [0.02169838]
 [0.02471353]
 [0.02806088]
 [0.03175292]
 [0.03579604]
 [0.04018901]
 [0.04492154]
 [0.04997328]
 [0.05531317]
 [0.06089947]
 [0.06668059]
 [0.07259664]
 [0.07858173]
 [0.08456682]
 [0.09048288]
 [0.09626402]
 [0.10185035]
 [0.10719027]
 [0.11224204]
 [0.11697462]
 [0.12136762]
 [0.12541079]
 [0.12910287]
 [0.13245026]
 [0.13546545]
 [0.13816555]
 [0.14057081]
 [0.14270344]
 [0.1445865 ]
 [0.14624311]
 [0.14769582]
 [0.14896612]]"
Prediction United States,[]
Prediction Ukraine,"[[8.20278161e-05]
 [9.15991230e-05]
 [1.02284401e-04]
 [1.14212600e-04]
 [1.27527421e-04]
 [1.42388968e-04]
 [1.58975559e-04]
 [1.77485735e-04]
 [1.98140476e-04]
 [2.21185624e-04]
 [2.46894563e-04]
 [2.75571141e-04]
 [3.07552867e-04]
 [3.43214400e-04]
 [3.82971327e-04]
 [4.27284264e-04]
 [4.76663264e-04]
 [5.31672542e-04]
 [5.92935514e-04]
 [6.61140114e-04]
 [7.37044376e-04]
 [8.21482225e-04]
 [9.15369392e-04]
 [1.01970939e-03]
 [1.13559937e-03]
 [1.26423577e-03]
 [1.40691945e-03]
 [1.56506012e-03]
 [1.74017973e-03]
 [1.93391439e-03]
 [2.14801443e-03]
 [2.38434200e-03]
 [2.64486563e-03]
 [2.93165113e-03]
 [3.24684798e-03]
 [3.59267051e-03]
 [3.97137319e-03]
 [4.38521903e-03]
 [4.83644086e-03]
 [5.32719471e-03]
 [5.85950532e-03]
 [6.43520394e-03]
 [7.05585925e-03]
 [7.72270255e-03]
 [8.43654944e-03]
 [9.19772056e-03]
 [1.00059651e-02]
 [1.08603908e-02]
 [1.17594061e-02]
 [1.27006774e-02]
 [1.36811084e-02]
 [1.46968438e-02]
 [1.57433008e-02]
 [1.68152310e-02]
 [1.79068102e-02]
 [1.90117560e-02]
 [2.01234670e-02]
 [2.12351780e-02]
 [2.23401238e-02]
 [2.34317031e-02]
 [2.45036332e-02]
 [2.55500903e-02]
 [2.65658257e-02]]"
Prediction United Kingdom,"[[2.49761331e-05]
 [2.82590629e-05]
 [3.19734633e-05]
 [3.61760291e-05]
 [4.09309008e-05]
 [4.63106418e-05]
 [5.23973430e-05]
 [5.92838725e-05]
 [6.70752876e-05]
 [7.58904328e-05]
 [8.58637448e-05]
 [9.71472945e-05]
 [1.09913094e-04]
 [1.24355703e-04]
 [1.40695179e-04]
 [1.59180400e-04]
 [1.80092830e-04]
 [2.03750765e-04]
 [2.30514123e-04]
 [2.60789859e-04]
 [2.95038070e-04]
 [3.33778880e-04]
 [3.77600208e-04]
 [4.27166511e-04]
 [4.83228645e-04]
 [5.46634957e-04]
 [6.18343759e-04]
 [6.99437351e-04]
 [7.91137773e-04]
 [8.94824467e-04]
 [1.01205406e-03]
 [1.14458254e-03]
 [1.29438994e-03]
 [1.46370799e-03]
 [1.65505078e-03]
 [1.87124889e-03]
 [2.11548709e-03]
 [2.39134607e-03]
 [2.70284823e-03]
 [3.05450788e-03]
 [3.45138592e-03]
 [3.89914902e-03]
 [4.40413335e-03]
 [4.97341239e-03]
 [5.61486856e-03]
 [6.33726772e-03]
 [7.15033541e-03]
 [8.06483330e-03]
 [9.09263333e-03]
 [1.02467869e-02]
 [1.15415849e-02]
 [1.29926042e-02]
 [1.46167340e-02]
 [1.64321754e-02]
 [1.84584055e-02]
 [2.07160951e-02]
 [2.32269713e-02]
 [2.60136101e-02]
 [2.90991492e-02]
 [3.25069070e-02]
 [3.62598995e-02]
 [4.03802452e-02]
 [4.48884580e-02]
 [4.98026304e-02]
 [5.51375221e-02]
 [6.09035772e-02]
 [6.71059084e-02]
 [7.37432990e-02]
 [8.08072843e-02]
 [8.82813864e-02]
 [9.61405785e-02]
 [1.04351053e-01]
 [1.12870356e-01]
 [1.21647933e-01]
 [1.30626093e-01]
 [1.39741378e-01]
 [1.48926276e-01]
 [1.58111178e-01]
 [1.67226477e-01]
 [1.76204658e-01]
 [1.84982264e-01]
 [1.93501604e-01]
 [2.01712120e-01]
 [2.09571359e-01]
 [2.17045512e-01]
 [2.24109551e-01]
 [2.30746997e-01]
 [2.36949384e-01]
 [2.42715494e-01]
 [2.48050440e-01]
 [2.52964665e-01]
 [2.57472929e-01]
 [2.61593322e-01]
 [2.65346360e-01]
 [2.68754161e-01]]"
Prediction Uruguay,"[[0.00197127]
 [0.00215598]
 [0.00235569]
 [0.00257121]
 [0.00280326]
 [0.00305254]
 [0.00331965]
 [0.00360509]
 [0.00390924]
 [0.00423233]
 [0.00457441]
 [0.00493535]
 [0.00531481]
 [0.00571221]
 [0.00612671]
 [0.00655726]
 [0.00700252]
 [0.00746094]
 [0.00793071]
 [0.00840984]
 [0.00889615]
 [0.00938733]
 [0.00988097]
 [0.0103746 ]
 [0.01086578]
 [0.01135209]
 [0.01183122]
 [0.01230099]
 [0.01275941]
 [0.01320468]
 [0.01363522]
 [0.01404973]
 [0.01444712]
 [0.01482658]
 [0.01518753]
 [0.01552961]
 [0.01585269]
 [0.01615684]
 [0.01644228]
 [0.01670939]
 [0.01695867]
 [0.01719073]
 [0.01740624]
 [0.01760596]
 [0.01779066]
 [0.01796116]
 [0.01811827]
 [0.01826282]
 [0.01839562]
 [0.01851745]
 [0.01862909]
 [0.01873127]]"
Prediction Vietnam,"[[0.00010744]
 [0.00010744]
 [0.00010744]
 [0.00010744]
 [0.00010744]
 [0.00010744]
 [0.00010744]
 [0.00010744]
 [0.00010744]
 [0.00010744]
 [0.00010744]
 [0.00010744]
 [0.00010744]
 [0.00010744]
 [0.00010744]
 [0.00010744]
 [0.00010744]
 [0.00010744]
 [0.00010744]
 [0.00010744]
 [0.00010744]
 [0.00010744]
 [0.00010744]
 [0.00010744]
 [0.00010744]
 [0.00010744]
 [0.00010744]
 [0.00010744]
 [0.00010744]
 [0.00010744]
 [0.00010744]
 [0.00010744]
 [0.00010744]
 [0.00010744]
 [0.00010744]
 [0.00010744]
 [0.00010744]
 [0.00010744]
 [0.00010744]
 [0.00010744]
 [0.00010744]
 [0.00010744]
 [0.00010744]
 [0.00010744]
 [0.00010744]
 [0.00010744]
 [0.00010744]
 [0.00010744]
 [0.00010744]
 [0.00010744]
 [0.00010744]
 [0.00010744]
 [0.00010744]
 [0.00010744]
 [0.00010744]
 [0.00010744]
 [0.00010744]
 [0.00010744]
 [0.00010744]
 [0.00010744]
 [0.00010744]
 [0.00010744]
 [0.00010744]
 [0.00010744]
 [0.00010744]
 [0.00010744]
 [0.00010744]
 [0.00010744]
 [0.00010744]
 [0.00010744]
 [0.00010744]
 [0.00010744]
 [0.00010744]
 [0.00010744]
 [0.00010744]
 [0.00010744]
 [0.00010744]
 [0.00010744]
 [0.00010744]
 [0.00010744]
 [0.00010744]
 [0.00010744]
 [0.00010744]
 [0.00010744]
 [0.00010744]
 [0.00010745]
 [0.00010745]
 [0.00010745]
 [0.00010745]
 [0.00010745]
 [0.00010745]
 [0.00010745]
 [0.00010745]
 [0.00010745]
 [0.00010745]
 [0.00010745]
 [0.00010745]
 [0.00010745]
 [0.00010745]
 [0.00010745]
 [0.00010745]
 [0.00010745]
 [0.00010745]]"
Prediction Zambia,"[[7.03358846e-05]
 [7.39154271e-05]
 [7.76757151e-05]
 [8.16257265e-05]
 [8.57748698e-05]
 [9.01330029e-05]
 [9.47104530e-05]
 [9.95180366e-05]
 [1.04567081e-04]
 [1.09869446e-04]
 [1.15437545e-04]
 [1.21284371e-04]
 [1.27423517e-04]
 [1.33869202e-04]
 [1.40636295e-04]
 [1.47740343e-04]
 [1.55197593e-04]
 [1.63025022e-04]
 [1.71240363e-04]
 [1.79862131e-04]
 [1.88909652e-04]
 [1.98403091e-04]
 [2.08363481e-04]
 [2.18812747e-04]
 [2.29773738e-04]
 [2.41270255e-04]
 [2.53327075e-04]
 [2.65969980e-04]
 [2.79225784e-04]
 [2.93122356e-04]
 [3.07688644e-04]
 [3.22954700e-04]
 [3.38951697e-04]
 [3.55711951e-04]
 [3.73268934e-04]
 [3.91657291e-04]
 [4.10912848e-04]
 [4.31072619e-04]
 [4.52174807e-04]
 [4.74258807e-04]
 [4.97365194e-04]
 [5.21535713e-04]
 [5.46813258e-04]
 [5.73241849e-04]
 [6.00866595e-04]
 [6.29733658e-04]
 [6.59890197e-04]
 [6.91384309e-04]]"
